500,23,tdmxg,uldgddisj,000 00 000,1,5/19/1974,2800  zncyx st,Suite #307,boston,MA,39082,3022389769,4562358915,2302389261,uldgddisj@eadstuotq.com
500,47,imeyl,lecqabylg,000 00 000,1,5/17/1989,393  qeqie st,,boston,MA,39001,3022356073,4562413967,2302417853,lecqabylg@ukhoyxxgp.com
500,52,qmvld,wihwvhbia,000 00 000,0,1/20/1987,3662  fknif st,Suite #147,boston,MA,39067,3022391329,4562374238,2302362292,wihwvhbia@aqlfsglbf.com
500,67,nhqze,ufmbdluxw,000 00 000,0,11/9/1957,547  atwma st,,boston,MA,39047,3022419895,4562356718,2302349239,ufmbdluxw@lrwcaglhn.com
500,87,eihci,zfupoukzl,000 00 000,0,5/17/1955,4097  eapjj st,Suite #860,boston,MA,39009,3022360044,4562380978,2302370466,zfupoukzl@rxantrhdj.com
500,95,pyfze,oalfnpqzb,000 00 000,1,4/18/1990,3281  ilmdg st,,boston,MA,39011,3022356676,4562378635,2302355502,oalfnpqzb@jjcxtthqo.com
500,126,tmfka,hmhvesyaa,000 00 000,0,5/25/1989,767  ufwey st,,boston,MA,39034,3022426096,4562417506,2302368846,hmhvesyaa@mlbyilrzu.com
500,132,wtcfk,jnjgfsqjw,000 00 000,1,4/25/1979,1270  zpknq st,,boston,MA,39051,3022383842,4562421355,2302343773,jnjgfsqjw@vksmbkopg.com
500,172,xgbid,ojwudcfuk,000 00 000,1,3/12/1981,5920  vuhqk st,,boston,MA,39013,3022343107,4562350398,2302384582,ojwudcfuk@csbbaprln.com
500,232,gwnxl,zciqbmpln,000 00 000,1,3/3/1955,7124  sahfn st,,boston,MA,39079,3022386937,4562342134,2302397144,zciqbmpln@dkbkotfpj.com
500,237,mdmbu,uthdutjwi,000 00 000,0,4/2/1983,5103  shkaw st,,boston,MA,39066,3022361220,4562355891,2302341311,uthdutjwi@eamynutde.com
500,246,vxlun,cgbhfbjfd,000 00 000,0,11/6/1965,5403  nacte st,,boston,MA,39081,3022394990,4562438422,2302393551,cgbhfbjfd@eppacltwr.com
500,325,cobst,ybvzgqebc,000 00 000,0,10/3/1978,2234  wcwyb st,,boston,MA,39073,3022431742,4562341442,2302435294,ybvzgqebc@pyykahrjz.com
500,329,txbnx,mugkkrcvo,000 00 000,1,1/8/1997,6193  uzvcg st,Suite #102,boston,MA,39055,3022394154,4562373011,2302344709,mugkkrcvo@retowijyr.com
500,358,ylwds,zlahyiqsz,000 00 000,0,8/11/1970,1314  euuty st,,boston,MA,39009,3022435011,4562371659,2302397263,zlahyiqsz@fpzpdtndt.com
500,373,fcohu,yxuizxuus,000 00 000,1,1/6/1999,4366  mokik st,,boston,MA,39024,3022428879,4562350276,2302385402,yxuizxuus@zctikuzjm.com
500,382,gzjhy,mznbxwaxi,000 00 000,1,1/28/1992,287  zebez st,,boston,MA,39073,3022432992,4562390239,2302361539,mznbxwaxi@euviqowgp.com
500,392,nfnth,tlsmercua,000 00 000,0,7/25/1979,2501  fgwxm st,Suite #766,boston,MA,39030,3022365078,4562396550,2302355855,tlsmercua@lcjvipdhz.com
500,413,jcpvo,ayoabanyg,000 00 000,0,5/8/1973,3277  qpoin st,,boston,MA,39034,3022355629,4562391743,2302349865,ayoabanyg@kvxwqpllt.com
500,435,oovrm,epzokmavr,000 00 000,0,3/12/1952,3727  dmxhf st,,boston,MA,39034,3022358684,4562350111,2302342986,epzokmavr@rjdgpptyg.com
500,455,equte,xfnwfynew,000 00 000,0,11/9/1971,3959  ribrw st,Suite #334,boston,MA,39058,3022428047,4562417398,2302400933,xfnwfynew@vwwksbyub.com
500,472,jzycq,iojsdijtv,000 00 000,0,9/22/1988,1900  lhbbf st,,boston,MA,39010,3022368796,4562394728,2302362724,iojsdijtv@cnykujpmw.com
500,513,kujva,airpmrpih,000 00 000,0,4/18/1980,2647  exnfy st,,boston,MA,39086,3022396522,4562415733,2302377781,airpmrpih@oqekbovql.com
500,519,bqydb,xljzlgwzn,000 00 000,1,7/13/1957,5766  lhqmo st,,boston,MA,39072,3022405011,4562356926,2302369427,xljzlgwzn@hrjxzrgmi.com
500,521,aiyzd,nxujmdrsg,000 00 000,1,3/8/1950,2449  orjyn st,,boston,MA,39045,3022424849,4562404731,2302409633,nxujmdrsg@jksdckbue.com
500,527,amcpy,pjwxikvcx,000 00 000,1,4/3/1981,6849  tvkwm st,Suite #644,boston,MA,39070,3022422839,4562391241,2302420842,pjwxikvcx@qldovsvmu.com
500,541,zxnmb,xknffuxlr,000 00 000,1,5/27/1992,1974  cozpr st,,boston,MA,39020,3022393134,4562403509,2302385199,xknffuxlr@ngltofnwh.com
500,542,cpjhi,iponksiqc,000 00 000,1,4/3/1987,3721  hocua st,Suite #267,boston,MA,39049,3022435174,4562392475,2302352231,iponksiqc@hqmbhqlel.com
500,575,brmjm,zaybomeal,000 00 000,0,1/12/1959,4026  hxfli st,Suite #282,boston,MA,39025,3022411634,4562430763,2302371987,zaybomeal@xxzvgsavb.com
500,587,sjykp,htdarnkwp,000 00 000,1,6/23/1970,7749  byeyf st,,boston,MA,39052,3022371056,4562401763,2302355172,htdarnkwp@bupywhdem.com
500,596,ywlzu,cxaxwucmh,000 00 000,1,1/12/1956,7117  wfaua st,,boston,MA,39042,3022397282,4562341301,2302406116,cxaxwucmh@mcsuxpnmd.com
500,615,guokq,spsqjgmhv,000 00 000,1,5/28/1990,7689  ikuzg st,,boston,MA,39007,3022392746,4562403481,2302414045,spsqjgmhv@mtuvcghyx.com
500,632,xikgu,ssraptpot,000 00 000,1,6/22/1998,879  ajmha st,,boston,MA,39081,3022340625,4562405533,2302428612,ssraptpot@gzcjwlpgs.com
500,639,opgtf,vubbtddai,000 00 000,1,6/10/1993,6865  gccqd st,,boston,MA,39097,3022386237,4562361849,2302432771,vubbtddai@yvasmjxei.com
500,710,apovt,qarhlxggf,000 00 000,1,1/20/1982,763  ytxjx st,Suite #857,boston,MA,39011,3022430209,4562386762,2302366225,qarhlxggf@wnvcflnxy.com
500,726,gfpmu,uupedwqyj,000 00 000,0,10/19/1992,5116  ybaxr st,,boston,MA,39022,3022395867,4562364510,2302422301,uupedwqyj@ebwgczvef.com
500,742,tucly,uzxfahawh,000 00 000,0,3/14/1950,6411  nngfc st,Suite #396,boston,MA,39067,3022420157,4562386811,2302406019,uzxfahawh@pyjsqetvq.com
500,753,yhlnj,dhwtzhzos,000 00 000,1,4/19/1985,3503  eoytk st,,boston,MA,39070,3022424591,4562414324,2302342872,dhwtzhzos@wnlqijbmi.com
500,768,oqgst,fhfmizibw,000 00 000,0,3/16/1996,7825  qalxy st,,boston,MA,39038,3022353993,4562353853,2302346278,fhfmizibw@snoetozmx.com
500,794,egewo,clszmpkkk,000 00 000,0,9/13/1976,6280  aofvm st,,boston,MA,39095,3022430838,4562431566,2302395064,clszmpkkk@gkqiqewrz.com
500,857,boskj,wzqaogwxg,000 00 000,1,4/21/1981,3918  vvmtb st,,boston,MA,39062,3022364400,4562417271,2302426603,wzqaogwxg@vvrglsjct.com
500,873,olaeo,vspfmdwil,000 00 000,0,5/2/1961,2587  voloc st,,boston,MA,39035,3022355573,4562424226,2302344088,vspfmdwil@rzfeeeeqg.com
500,890,huszk,fcgcfwpln,000 00 000,0,9/28/1957,2428  dgoyv st,Suite #798,boston,MA,39099,3022397123,4562407939,2302351941,fcgcfwpln@rchgiccrz.com
500,895,uqzwq,ptwiilmpf,000 00 000,1,7/5/1990,5643  cttxk st,,boston,MA,39070,3022382095,4562397356,2302397993,ptwiilmpf@equaydfye.com
500,916,hknrs,zbirmpbyh,000 00 000,0,3/23/1954,6915  avfrf st,,boston,MA,39089,3022419729,4562364551,2302432606,zbirmpbyh@alxobzkrk.com
500,922,oqczm,ortxpzdeg,000 00 000,0,8/4/1960,425  npxyu st,,boston,MA,39004,3022363280,4562361175,2302341179,ortxpzdeg@ecmgmwrte.com
500,930,lmixf,cdgfmmuii,000 00 000,1,7/14/1962,1160  amcqa st,,boston,MA,39096,3022358581,4562372211,2302347862,cdgfmmuii@evqzwfpwo.com
500,972,rabjs,uknmfrcpl,000 00 000,0,3/23/1959,6564  xphdo st,,boston,MA,39037,3022345187,4562362750,2302367068,uknmfrcpl@lvhyeyfbd.com
500,1020,iqgos,tjawqukrq,000 00 000,0,7/15/1971,3995  mjlgo st,,boston,MA,39051,3022414261,4562346831,2302386375,tjawqukrq@icfswpjqz.com
500,1044,heaeo,ggshtyrtd,000 00 000,1,1/3/1994,3132  ehsxh st,,boston,MA,39031,3022370396,4562422651,2302371432,ggshtyrtd@nuuwifnwg.com
500,1071,jdrrt,hqdusywci,000 00 000,0,2/7/1979,6545  obvpy st,Suite #429,boston,MA,39022,3022383585,4562376724,2302343273,hqdusywci@lfmqumqre.com
500,1094,xvmif,ogicvhoue,000 00 000,1,4/21/1976,2398  ecmzq st,,boston,MA,39000,3022436353,4562357507,2302369963,ogicvhoue@xqunvmidf.com
500,1110,bubqb,kswaoccca,000 00 000,1,11/3/1960,826  kyiac st,,boston,MA,39072,3022392698,4562368660,2302382002,kswaoccca@kyydyvakt.com
500,1155,whysc,uhijswghm,000 00 000,0,7/20/1999,1159  qoauk st,,boston,MA,39053,3022382153,4562423625,2302382561,uhijswghm@hxcqpgmml.com
500,1157,atskd,xjylskpeb,000 00 000,0,9/2/1952,1968  ekify st,,boston,MA,39032,3022412104,4562379803,2302419825,xjylskpeb@zobbgviqr.com
500,1180,aeyys,sabcccgko,000 00 000,1,8/28/1974,7174  gatxd st,,boston,MA,39010,3022425850,4562402273,2302432356,sabcccgko@wxogruifa.com
500,1191,pnvbv,rriqbvauk,000 00 000,1,10/5/1966,3366  npfuc st,Suite #63,boston,MA,39026,3022347271,4562355626,2302353125,rriqbvauk@ehwgivapv.com
500,1196,zgxbf,pbomhiqdn,000 00 000,1,6/5/1950,6740  fisui st,,boston,MA,39044,3022409599,4562393821,2302343411,pbomhiqdn@rljsyvdtz.com
500,1204,shmpy,cjkmglzxc,000 00 000,0,7/16/1952,5077  apcog st,,boston,MA,39024,3022437279,4562398362,2302397860,cjkmglzxc@nozhpxlsv.com
500,1216,kcbxu,qgczicalb,000 00 000,0,10/15/1973,7336  fawsz st,,boston,MA,39005,3022345325,4562417772,2302369255,qgczicalb@xtwvtnpdd.com
500,1224,dzlzh,afnzkzwgo,000 00 000,0,5/20/1991,3873  skzbk st,,boston,MA,39084,3022422168,4562363248,2302362403,afnzkzwgo@tnwnrlezl.com
500,1253,lgwzg,jzscyfiss,000 00 000,0,5/16/1962,6941  nhdds st,,boston,MA,39077,3022345053,4562434135,2302417630,jzscyfiss@rrdqvvoyx.com
500,1276,geshc,zaiapslxg,000 00 000,1,7/23/1985,1776  xslqg st,,boston,MA,39041,3022378969,4562378074,2302381829,zaiapslxg@yyolpgasy.com
500,1321,jmucr,yqnrddhzp,000 00 000,0,5/12/1979,6015  ebtem st,,boston,MA,39016,3022366811,4562410067,2302395698,yqnrddhzp@senzgwvms.com
500,1324,rjyhz,qpicoyqjb,000 00 000,1,5/3/1979,6857  midhb st,,boston,MA,39006,3022437422,4562437880,2302383735,qpicoyqjb@ptohswiec.com
500,1346,kvlnb,ufioukomf,000 00 000,1,9/16/1975,6167  jihyn st,,boston,MA,39090,3022376807,4562432229,2302376810,ufioukomf@ainnytwwz.com
500,1348,oiyxk,bbynanzqf,000 00 000,0,11/14/1971,2404  csnwr st,,boston,MA,39023,3022420550,4562349931,2302384567,bbynanzqf@mfburegng.com
500,1424,mhcbt,jgnpktvsi,000 00 000,1,2/4/1992,452  bbowx st,,boston,MA,39029,3022403054,4562345420,2302343987,jgnpktvsi@crnzypdnn.com
500,1428,ypvxb,qfmoumpdo,000 00 000,1,3/2/1996,4115  koisa st,,boston,MA,39015,3022402721,4562373651,2302376110,qfmoumpdo@zyeqhzhop.com
500,1433,olawp,gxcqkayjo,000 00 000,0,5/8/1991,6869  wbxxz st,,boston,MA,39036,3022424332,4562343472,2302375988,gxcqkayjo@emtcshiio.com
500,1453,aaglx,alwfzqwbg,000 00 000,1,10/14/1986,2313  yqrno st,,boston,MA,39096,3022361034,4562406117,2302354142,alwfzqwbg@sspzxagjh.com
500,1461,ukoua,omekrsowg,000 00 000,1,4/1/1961,4537  vgqje st,,boston,MA,39064,3022416120,4562415768,2302342097,omekrsowg@vkefbyjfm.com
500,1503,wechh,zfndhowyh,000 00 000,1,5/12/1950,822  pqkwq st,,boston,MA,39093,3022385384,4562404496,2302421074,zfndhowyh@klhajyjxj.com
500,1527,jzldb,ouakjhsuf,000 00 000,0,2/27/1951,5142  giqvy st,Suite #600,boston,MA,39068,3022429583,4562395081,2302433652,ouakjhsuf@ppqqsryqe.com
500,1538,xjaqa,nmjyknrnz,000 00 000,0,1/18/1981,7553  dsknh st,,boston,MA,39009,3022398185,4562402424,2302373479,nmjyknrnz@zlevtvclg.com
500,1570,fczpk,pctkqlnne,000 00 000,1,9/20/1982,5255  glrim st,,boston,MA,39021,3022426752,4562392207,2302421742,pctkqlnne@uzfkfmodb.com
500,1578,imten,aypcldwxk,000 00 000,0,4/25/1997,7362  mhbln st,,boston,MA,39089,3022403751,4562432670,2302385697,aypcldwxk@mxupskuxe.com
500,1579,mravi,rpmguxsua,000 00 000,0,10/7/1965,48  xcwhz st,,boston,MA,39009,3022346792,4562432621,2302404203,rpmguxsua@hlpfvnxsp.com
500,1593,rculg,fcduvrduo,000 00 000,0,3/15/1999,4060  gubra st,,boston,MA,39091,3022392278,4562422655,2302428514,fcduvrduo@bdhfnfcmz.com
500,1598,qzarm,abzcupeww,000 00 000,1,9/5/1974,1532  lgapu st,,boston,MA,39050,3022403185,4562367579,2302351434,abzcupeww@xepfqryvz.com
500,1609,jfhsl,pxpqtqfcn,000 00 000,1,8/20/1986,6966  hhmal st,,boston,MA,39061,3022421930,4562403237,2302411652,pxpqtqfcn@bvcnwqabx.com
500,1624,eietd,isosqrpfl,000 00 000,0,9/25/1998,2695  moveb st,,boston,MA,39093,3022354639,4562390590,2302405960,isosqrpfl@ltzxrxoup.com
500,1650,xkpnp,jeemvuvhl,000 00 000,0,4/24/1953,1044  gzher st,,boston,MA,39026,3022381216,4562425187,2302434662,jeemvuvhl@nvbwvejuc.com
500,1685,olque,bvkellpdc,000 00 000,1,7/25/1992,3535  yxqyp st,,boston,MA,39061,3022436294,4562362837,2302412369,bvkellpdc@qbdosszhu.com
500,1689,yscmj,kinqlkmhy,000 00 000,1,1/3/1960,183  lfqfx st,,boston,MA,39090,3022437623,4562372239,2302418162,kinqlkmhy@kccwojniv.com
500,1716,cyzyk,fuzbgjoit,000 00 000,0,8/1/1969,6165  osike st,,boston,MA,39041,3022355064,4562427642,2302382121,fuzbgjoit@riupmxuzq.com
500,1731,xgsiw,eadzwceuz,000 00 000,0,6/2/1971,2983  rcajf st,,boston,MA,39085,3022392894,4562370212,2302344862,eadzwceuz@cmqqzbtly.com
500,1739,srjhe,yrnwynoar,000 00 000,0,1/25/1995,2468  hkzbu st,,boston,MA,39060,3022399916,4562344746,2302426053,yrnwynoar@cxifptynu.com
500,1741,ywxsb,frvmqhiyb,000 00 000,0,10/2/1972,7678  xqghf st,,boston,MA,39049,3022439556,4562351732,2302365919,frvmqhiyb@mfxtwgasc.com
500,1757,lqaqw,hcylbojwf,000 00 000,0,7/1/1953,4446  ryezh st,,boston,MA,39058,3022374096,4562376178,2302367501,hcylbojwf@iegwvhiou.com
500,1801,dkuhk,uwisminjc,000 00 000,1,11/5/1982,6036  aloab st,,boston,MA,39057,3022345514,4562406259,2302410645,uwisminjc@earnfhfmq.com
500,1864,ionqv,twluclpmz,000 00 000,0,7/27/1971,4371  cduzn st,Suite #160,boston,MA,39058,3022344069,4562360012,2302410320,twluclpmz@tpgrdfpfz.com
500,1881,doorf,cwzlivwxu,000 00 000,0,2/13/1998,2722  znojd st,,boston,MA,39029,3022399229,4562408014,2302353252,cwzlivwxu@khscofdbs.com
500,1936,jhsfr,adobtucag,000 00 000,0,9/17/1986,5962  svfuz st,Suite #484,boston,MA,39007,3022351354,4562358792,2302397457,adobtucag@ipbkmdjsc.com
500,1937,ueqxm,xtguildus,000 00 000,1,10/28/1981,2664  lsyzv st,,boston,MA,39003,3022346912,4562342330,2302437685,xtguildus@ubpcgmgqx.com
500,1957,dgqub,timcxkffg,000 00 000,0,3/1/1963,1957  ejuqq st,,boston,MA,39036,3022389188,4562381980,2302409825,timcxkffg@xzlcxkejh.com
500,1972,cjxhw,dzxgluybf,000 00 000,0,8/12/1966,1476  vgrup st,,boston,MA,39048,3022396592,4562420469,2302342326,dzxgluybf@welcvqgmt.com
500,1989,kasko,wwgyvioiq,000 00 000,0,4/3/1997,92  xegdn st,,boston,MA,39069,3022395393,4562376565,2302381350,wwgyvioiq@dzsbydpnt.com
500,2005,fltph,vzolugbuv,000 00 000,0,2/20/1971,3570  mcqnk st,,boston,MA,39054,3022383121,4562405800,2302406080,vzolugbuv@cizfamzzs.com
500,2006,tcged,zhxzfdbru,000 00 000,1,2/6/1956,820  bhflg st,,boston,MA,39045,3022413236,4562365184,2302362197,zhxzfdbru@ipzepddko.com
500,2025,sgsot,qtehtqgez,000 00 000,1,10/24/1992,2452  wrger st,,boston,MA,39057,3022348556,4562367733,2302356218,qtehtqgez@xsppkwqqz.com
500,2026,jpviv,vocjuvrgo,000 00 000,0,10/2/1952,5326  biysg st,,boston,MA,39086,3022341589,4562386365,2302396468,vocjuvrgo@zmkkokzaf.com
500,2042,qqzlj,mcioqnfhg,000 00 000,1,7/17/1993,7278  ornvg st,,boston,MA,39027,3022390005,4562343763,2302348307,mcioqnfhg@hgbjtycqe.com
500,2050,kzvdc,gvyiglxxt,000 00 000,0,11/16/1965,4966  ikfgx st,,boston,MA,39064,3022384694,4562409714,2302436117,gvyiglxxt@hpcewmufx.com
500,2080,tzvrn,blfmbxpak,000 00 000,0,8/6/1991,4577  eeyof st,Suite #903,boston,MA,39055,3022424892,4562437397,2302341725,blfmbxpak@rozdqwfoz.com
500,2094,nhkxg,dwdrsavba,000 00 000,1,3/18/1969,2223  akggq st,,boston,MA,39026,3022393636,4562342475,2302437505,dwdrsavba@cowmwnkmz.com
500,2124,vojzy,rmoafljew,000 00 000,0,9/13/1957,6409  dfqzf st,,boston,MA,39043,3022381093,4562427169,2302430023,rmoafljew@lrcbvmrxq.com
500,2141,bofjz,sdawwrgmu,000 00 000,0,2/5/1951,865  mmoxw st,,boston,MA,39032,3022423612,4562348834,2302429089,sdawwrgmu@jqpdlishn.com
500,2159,hncaf,icfjexpmd,000 00 000,0,6/24/1964,3544  qogys st,,boston,MA,39013,3022434420,4562391514,2302393898,icfjexpmd@lzhodjpkd.com
500,2192,qoyoo,hwwugfvtf,000 00 000,0,5/11/1985,1292  fecoz st,,boston,MA,39041,3022400920,4562351211,2302422284,hwwugfvtf@mcrqpargi.com
500,2210,lmtes,cqykbqkau,000 00 000,0,1/28/1955,4636  rcwcd st,Suite #39,boston,MA,39098,3022419849,4562403584,2302416877,cqykbqkau@dgwpjlkch.com
500,2220,sjmof,itnzupmfv,000 00 000,0,2/26/1998,7194  tqscp st,,boston,MA,39029,3022422351,4562377754,2302376925,itnzupmfv@ortijylwx.com
500,2235,jgyhh,zkdxdvvqq,000 00 000,0,7/14/1951,7439  xgxjd st,,boston,MA,39014,3022383794,4562417865,2302398442,zkdxdvvqq@pgqsclpfy.com
500,2240,qrhle,bkwdpqaqh,000 00 000,0,5/4/1963,4027  viscy st,,boston,MA,39064,3022431009,4562380969,2302402280,bkwdpqaqh@snpxqsyvu.com
500,2241,vcgbh,gdluqdzcz,000 00 000,1,9/14/1979,4459  oolna st,,boston,MA,39081,3022380851,4562400338,2302393162,gdluqdzcz@bfdqpkhag.com
500,2245,jfdfp,spfoxteut,000 00 000,1,9/28/1984,7738  pqsgz st,,boston,MA,39012,3022437471,4562414685,2302381044,spfoxteut@avwoflytt.com
500,2251,cwvpk,gfepyvxbx,000 00 000,1,6/4/1959,5579  eyqfz st,,boston,MA,39091,3022359988,4562422983,2302408747,gfepyvxbx@vwuxsbyhm.com
500,2252,ytwmq,zbpyxnewz,000 00 000,0,7/5/1983,3436  zuktu st,,boston,MA,39018,3022369448,4562430579,2302386687,zbpyxnewz@oidoxywsh.com
500,2255,jyvcn,gvwywstwn,000 00 000,1,5/10/1997,5470  ujvfy st,Suite #627,boston,MA,39031,3022394489,4562379285,2302388191,gvwywstwn@bfnpuibdx.com
500,2256,eevto,ivrenpisr,000 00 000,1,7/14/1976,851  lcahm st,,boston,MA,39092,3022401128,4562439070,2302377961,ivrenpisr@pdjkwtugz.com
500,2292,kigsu,erjzlcyku,000 00 000,0,11/15/1993,1831  psjor st,Suite #610,boston,MA,39031,3022427844,4562357245,2302417481,erjzlcyku@dabioseza.com
500,2299,aapmt,oeebzwqlz,000 00 000,1,7/5/1955,5142  biypf st,,boston,MA,39049,3022374081,4562352765,2302436231,oeebzwqlz@mbgosqiqo.com
500,2317,bkeis,ixcntdfjp,000 00 000,1,8/20/1998,6221  iqzip st,,boston,MA,39049,3022432362,4562408328,2302423815,ixcntdfjp@ntywfsbgr.com
500,2372,hzcmv,qbushunyx,000 00 000,0,7/24/1964,6159  dkhdt st,Suite #38,boston,MA,39010,3022353545,4562403822,2302364790,qbushunyx@eqnpljqcg.com
500,2382,fdgrx,bmxathgml,000 00 000,1,3/15/1998,4384  koslx st,Suite #139,boston,MA,39034,3022424677,4562395615,2302410220,bmxathgml@waoacqbmu.com
500,2399,fcsvk,lceiooqdf,000 00 000,1,10/7/1965,6547  djvus st,,boston,MA,39086,3022419835,4562404920,2302404874,lceiooqdf@vfgfhfyyt.com
500,2435,ytzcv,yzaoorgno,000 00 000,0,4/26/1983,7912  imavf st,,boston,MA,39073,3022343386,4562352805,2302395924,yzaoorgno@jogcrrulc.com
500,2462,ddlhy,ymoavldux,000 00 000,1,5/1/1981,6486  tltsb st,,boston,MA,39003,3022346032,4562370421,2302369925,ymoavldux@aerlglaxy.com
500,2471,ootun,obrhsiqds,000 00 000,0,11/26/1977,6738  ryyya st,,boston,MA,39036,3022392343,4562433208,2302428782,obrhsiqds@bhjofbuco.com
500,2504,mhuzk,zihkvmqcj,000 00 000,0,7/18/1994,1862  sytwg st,,boston,MA,39072,3022427860,4562359622,2302372397,zihkvmqcj@ipwlajjoj.com
500,2515,szhaj,kptornrfv,000 00 000,0,4/22/1974,6139  cdtah st,,boston,MA,39048,3022343383,4562394508,2302397165,kptornrfv@etorebcgs.com
500,2545,mctjt,khudqzdib,000 00 000,1,1/13/1976,2408  exfaq st,,boston,MA,39091,3022367356,4562396330,2302350061,khudqzdib@grcmydher.com
500,2573,yfbke,pdapqwrhb,000 00 000,0,3/15/1987,7596  hkkzz st,,boston,MA,39085,3022363396,4562364427,2302360658,pdapqwrhb@oscrczwth.com
500,2629,cpdfl,yosragkxc,000 00 000,0,3/19/1964,101  fippa st,,boston,MA,39097,3022379762,4562405985,2302408497,yosragkxc@pcpzvhcyb.com
500,2655,jbwtx,dnutqhbrb,000 00 000,0,3/20/1973,3618  gdqok st,,boston,MA,39088,3022416281,4562401457,2302385875,dnutqhbrb@flqyhkkfu.com
500,2659,mxcgb,puhwsoezq,000 00 000,1,3/9/1961,3712  wodex st,,boston,MA,39068,3022406399,4562423060,2302380614,puhwsoezq@tpcqibmtg.com
500,2660,yonwh,lxbfridpp,000 00 000,0,5/27/1963,61  yitng st,,boston,MA,39021,3022342243,4562385992,2302354765,lxbfridpp@nszzyplse.com
500,2710,pjnzh,tnekjhcyn,000 00 000,0,7/3/1983,7318  xroii st,,boston,MA,39094,3022377204,4562392310,2302433624,tnekjhcyn@dhqqpnuxx.com
500,2742,vchqy,eprtojnfw,000 00 000,1,2/19/1955,6870  rgwwr st,Suite #742,boston,MA,39023,3022343649,4562420562,2302423032,eprtojnfw@upazszjwa.com
500,2767,cwgjr,srwwsvosm,000 00 000,1,6/17/1957,283  odeou st,,boston,MA,39035,3022375016,4562372677,2302391890,srwwsvosm@uojowcmyq.com
500,2773,fpfjn,tdasaozyq,000 00 000,0,10/6/1987,6905  rlsoi st,,boston,MA,39019,3022427918,4562365085,2302383751,tdasaozyq@pkehqlhcc.com
500,2790,ihypp,khaynmsjq,000 00 000,0,7/12/1968,5002  upxbm st,,boston,MA,39064,3022354718,4562373121,2302350498,khaynmsjq@nozdtbxsu.com
500,2813,osltj,qjsgngxvf,000 00 000,0,7/1/1972,3803  gtnyl st,,boston,MA,39093,3022424852,4562437462,2302386473,qjsgngxvf@ubotyjgaw.com
500,2820,hriff,hmuxnsbrw,000 00 000,1,6/23/1965,3460  zrkgt st,,boston,MA,39000,3022365236,4562435550,2302430184,hmuxnsbrw@bkdfpvwlc.com
500,2836,nxwcs,wytworvtb,000 00 000,1,5/10/1959,5664  wiyng st,,boston,MA,39029,3022372270,4562408639,2302425256,wytworvtb@axcntcuky.com
500,2849,itqgy,lklkmzmcp,000 00 000,1,6/8/1965,6568  oteuc st,,boston,MA,39030,3022401575,4562415180,2302401983,lklkmzmcp@hmgsfhqip.com
500,2868,hcgrm,ljzasqmjp,000 00 000,0,2/4/1984,1467  oiofn st,,boston,MA,39099,3022353991,4562430420,2302430942,ljzasqmjp@kwatxfgir.com
500,2890,ljabs,icidhgsmu,000 00 000,1,4/24/1966,2032  lvpdp st,,boston,MA,39021,3022344791,4562368723,2302384261,icidhgsmu@pecfbprrw.com
500,2896,cpylr,wnaiqbnle,000 00 000,1,2/19/1987,5532  kqlqb st,,boston,MA,39008,3022430180,4562351714,2302348827,wnaiqbnle@jzzxerknf.com
500,2918,srtfq,ngekprcdk,000 00 000,0,3/11/1991,1626  ebxvv st,,boston,MA,39065,3022352560,4562394196,2302383214,ngekprcdk@vnlangxme.com
500,2929,rbava,ennfnzrnl,000 00 000,0,3/28/1973,6847  djqjy st,Suite #534,boston,MA,39039,3022381434,4562407830,2302374861,ennfnzrnl@vjdsyzvcf.com
500,2935,jjpcc,rtpfrnomf,000 00 000,1,4/18/1980,7132  nduer st,,boston,MA,39042,3022348382,4562346502,2302425707,rtpfrnomf@gdojuzkdh.com
500,2937,mbkuo,fnzelxbtq,000 00 000,1,9/17/1965,3460  setds st,,boston,MA,39068,3022381244,4562393039,2302428933,fnzelxbtq@jgkcthttp.com
500,2960,ojqnl,zvirkrywm,000 00 000,1,3/25/1954,3359  aobwo st,,boston,MA,39073,3022358206,4562347622,2302417042,zvirkrywm@qvutuwngb.com
500,2970,ydcca,hvhntcbea,000 00 000,0,5/13/1971,3782  nydwd st,,boston,MA,39080,3022346200,4562439517,2302379508,hvhntcbea@qaztleres.com
500,2993,jlpzj,zryrwdndv,000 00 000,1,11/16/1968,2100  uvyel st,,boston,MA,39091,3022358154,4562351562,2302352655,zryrwdndv@bqhupoxeu.com
500,2997,djovv,kdyzjboca,000 00 000,0,2/9/1972,7818  cvemp st,,boston,MA,39049,3022434075,4562343382,2302369333,kdyzjboca@udyolijze.com
500,3040,oksnh,jagbelgbj,000 00 000,0,5/12/1997,5680  unawh st,Suite #506,boston,MA,39088,3022385747,4562380557,2302379447,jagbelgbj@zzilrlcov.com
500,3057,kvksr,dnivzhgcf,000 00 000,0,5/1/1975,7131  napta st,,boston,MA,39041,3022389946,4562408474,2302439779,dnivzhgcf@cfgxvcdhe.com
500,3095,trqtk,fuplucdyo,000 00 000,1,9/24/1975,4548  umeai st,,boston,MA,39005,3022372625,4562404764,2302352103,fuplucdyo@eidwdaptn.com
500,3127,olvtq,eopyckfoc,000 00 000,0,3/10/1986,4184  mxlyy st,,boston,MA,39089,3022407467,4562403896,2302406093,eopyckfoc@ualwwxxlx.com
500,3129,ixpdp,ywliondcw,000 00 000,0,6/22/1984,5753  jvqui st,,boston,MA,39007,3022344603,4562423043,2302429888,ywliondcw@oqoxcrdyo.com
500,3171,eekwg,grcgzmlos,000 00 000,1,10/8/1987,5699  bynfm st,,boston,MA,39065,3022349772,4562365698,2302393985,grcgzmlos@svwbcyhjj.com
500,3184,eagod,calrpsyrw,000 00 000,0,7/23/1970,7117  bkdek st,,boston,MA,39060,3022385767,4562419747,2302382701,calrpsyrw@upncmxjfv.com
500,3193,wlvuj,kixbzfpeq,000 00 000,0,6/4/1950,5459  srpvr st,,boston,MA,39051,3022367027,4562341889,2302397065,kixbzfpeq@hduekuxmy.com
500,3232,xhjtt,lolpintps,000 00 000,0,3/4/1987,7150  drdjn st,,boston,MA,39010,3022360765,4562343841,2302434025,lolpintps@anotwjgtj.com
500,3250,siltb,zefboglam,000 00 000,0,3/3/1975,3610  hatta st,,boston,MA,39030,3022363080,4562408273,2302394989,zefboglam@oyvpikxlq.com
500,3266,drdoe,zsubqlldh,000 00 000,0,9/23/1953,81  etcpp st,,boston,MA,39001,3022402739,4562405029,2302372835,zsubqlldh@kosxrolng.com
500,3267,goloi,umrlfveii,000 00 000,0,9/18/1994,7171  mdebl st,,boston,MA,39065,3022413940,4562401599,2302361751,umrlfveii@wuyuqywmt.com
500,3273,ujrcv,zfuvahhdn,000 00 000,1,9/5/1995,6997  eyywo st,Suite #328,boston,MA,39046,3022434290,4562375899,2302372181,zfuvahhdn@iwlstsdsw.com
500,3302,kpxlr,cveiaeuxj,000 00 000,1,6/1/1976,5633  yqudo st,,boston,MA,39028,3022411674,4562398321,2302405444,cveiaeuxj@idtffsxte.com
500,3305,qpxba,kxfmvswjg,000 00 000,1,8/19/1973,31  ikwxh st,,boston,MA,39080,3022408162,4562394747,2302352852,kxfmvswjg@yhlfnktxp.com
500,3307,qsdae,jqnvyxoov,000 00 000,1,7/13/1969,106  uhvoq st,,boston,MA,39075,3022411282,4562396366,2302375104,jqnvyxoov@qlgbvpcms.com
500,3435,yyszo,vzrwqjplm,000 00 000,0,2/26/1995,3752  ieays st,,boston,MA,39078,3022385809,4562435340,2302418744,vzrwqjplm@mhyviblbo.com
500,3438,aebpe,fbualpubm,000 00 000,0,4/4/1951,3109  irobd st,,boston,MA,39099,3022391238,4562418307,2302346006,fbualpubm@gqnryliza.com
500,3475,rwxos,cjtapobxh,000 00 000,0,6/5/1952,6531  nrsrh st,,boston,MA,39012,3022371910,4562369440,2302422825,cjtapobxh@jxgqardke.com
500,3476,gwkux,qjeadeinj,000 00 000,0,2/13/1991,794  dlwwl st,,boston,MA,39063,3022360964,4562373105,2302389953,qjeadeinj@ooqmpcubf.com
500,3527,oaikm,ehzisktwd,000 00 000,0,7/16/1979,4499  acwtb st,,boston,MA,39085,3022355207,4562353080,2302378066,ehzisktwd@vkkojbmsd.com
500,3548,dhhtk,tjzeesabv,000 00 000,1,2/19/1982,1035  cuimx st,,boston,MA,39031,3022424327,4562432167,2302388594,tjzeesabv@zodsncokw.com
500,3549,wvpni,xnayhmrjj,000 00 000,1,7/10/1962,7151  ktiwe st,,boston,MA,39094,3022427874,4562418881,2302386859,xnayhmrjj@cisbfoqwa.com
500,3552,rxkli,wokfpbbde,000 00 000,1,10/25/1985,2494  sfeff st,Suite #838,boston,MA,39019,3022366097,4562439438,2302378223,wokfpbbde@swzomrlcy.com
500,3563,sqtvs,rhyceiwrn,000 00 000,0,11/22/1969,4119  qwhel st,,boston,MA,39098,3022371224,4562416003,2302430377,rhyceiwrn@ciqrikjpw.com
500,3567,dqems,riaviwwfl,000 00 000,1,4/8/1961,6596  qolsu st,,boston,MA,39002,3022428807,4562420407,2302377847,riaviwwfl@rnjvgdqob.com
500,3588,ncukw,yqukrchyp,000 00 000,1,6/24/1976,1135  nnucc st,,boston,MA,39000,3022418601,4562434990,2302348049,yqukrchyp@ruplnfjyy.com
500,3634,lnmgz,eyxvwnzxa,000 00 000,0,5/15/1977,6107  fviav st,,boston,MA,39078,3022432506,4562392494,2302346399,eyxvwnzxa@nbkoaclww.com
500,3641,zznky,umpbwjdqn,000 00 000,0,2/19/1987,4544  vjmgq st,Suite #288,boston,MA,39084,3022434403,4562356809,2302423271,umpbwjdqn@pbxlguhss.com
500,3671,ftdai,epjkikniq,000 00 000,0,4/10/1962,4843  oagqa st,,boston,MA,39074,3022412851,4562387352,2302438311,epjkikniq@eqpajcyup.com
500,3673,obogl,ridexamtq,000 00 000,0,9/1/1992,1650  ofhfo st,,boston,MA,39011,3022345743,4562387780,2302344165,ridexamtq@mtkmbjgtm.com
500,3674,ylfgw,oiqcjilni,000 00 000,1,6/27/1994,5443  lrcsr st,,boston,MA,39076,3022354713,4562419299,2302401613,oiqcjilni@yoblzkhwn.com
500,3695,ghhnz,ymzywrets,000 00 000,1,5/4/1988,5565  kmxgn st,,boston,MA,39099,3022393652,4562342548,2302365331,ymzywrets@ggudmokce.com
500,3698,jfwxw,yumlneiqi,000 00 000,1,3/25/1972,3863  rrgab st,,boston,MA,39007,3022391564,4562427308,2302350193,yumlneiqi@kfxbjbcnm.com
500,3716,prelz,jndvjqqxg,000 00 000,0,3/3/1977,5629  gocrj st,,boston,MA,39007,3022439770,4562426210,2302415089,jndvjqqxg@hfnyuulso.com
500,3768,gycdz,eeyqkbcjp,000 00 000,0,3/27/1969,6334  rtvjc st,,boston,MA,39072,3022372405,4562360376,2302366202,eeyqkbcjp@ttkqzrdsg.com
500,3775,ngmpv,tjbjfbbai,000 00 000,0,8/21/1967,5851  lmbmm st,,boston,MA,39038,3022397786,4562348884,2302386625,tjbjfbbai@prlwkeoyb.com
500,3803,icbgw,naahpjerb,000 00 000,0,3/14/1986,7672  ojkmy st,,boston,MA,39072,3022347418,4562394651,2302387333,naahpjerb@haogoihtl.com
500,3876,jjejf,kwpxqmwfy,000 00 000,1,2/16/1979,1555  chnun st,,boston,MA,39078,3022370459,4562343111,2302356503,kwpxqmwfy@dqjchkxbs.com
500,3899,zbvna,aqmmnjxtx,000 00 000,1,8/6/1961,7616  oxazu st,,boston,MA,39014,3022426329,4562369078,2302351003,aqmmnjxtx@ayfdvgmmd.com
500,3900,czkhp,otesvogpb,000 00 000,1,7/5/1966,6226  gnpui st,,boston,MA,39013,3022423403,4562360908,2302380146,otesvogpb@uvmrabnqw.com
500,3981,cyfjb,qekgxxcxf,000 00 000,0,7/28/1959,2216  onmue st,,boston,MA,39072,3022365119,4562370465,2302405833,qekgxxcxf@dtlusshud.com
500,4000,ppssn,kldiqcscm,000 00 000,0,9/14/1977,3481  gurgx st,Suite #902,boston,MA,39087,3022374625,4562406498,2302424093,kldiqcscm@czajzwbuo.com
500,4033,rjjnr,zewrregsp,000 00 000,0,11/19/1953,7282  xwzsj st,,boston,MA,39084,3022355359,4562365246,2302345832,zewrregsp@sdibspowp.com
500,4100,rddyt,spnxukknu,000 00 000,1,10/11/1958,7209  bsblm st,,boston,MA,39065,3022358578,4562373959,2302401192,spnxukknu@qgikngiff.com
500,4153,fhjpk,abhppffki,000 00 000,1,8/14/1999,993  sodrx st,,boston,MA,39073,3022387406,4562395635,2302378608,abhppffki@uhookqnpc.com
500,4241,gtqkf,zhikwwtkh,000 00 000,1,7/14/1992,2191  cvzvf st,,boston,MA,39032,3022360587,4562414452,2302344840,zhikwwtkh@rhkikdufg.com
500,4244,youdk,cnjadjavl,000 00 000,0,6/1/1959,3442  mgklb st,,boston,MA,39094,3022379024,4562368210,2302379808,cnjadjavl@wdaorcltp.com
500,4271,rktku,pbsqgfuft,000 00 000,0,2/14/1966,4315  orpas st,,boston,MA,39043,3022420960,4562420618,2302405983,pbsqgfuft@knotuxqby.com
500,4281,ahbhf,outagancv,000 00 000,1,3/16/1962,6332  vlvso st,,boston,MA,39095,3022415624,4562435358,2302379358,outagancv@kralhdauc.com
500,4317,uzguw,nqsggrvgd,000 00 000,1,9/5/1972,6259  vjipb st,,boston,MA,39008,3022422332,4562350319,2302437310,nqsggrvgd@vmtsidwgn.com
500,4329,gxwzo,ldoevgunh,000 00 000,0,11/7/1979,4171  ajfhg st,,boston,MA,39094,3022349812,4562403577,2302363588,ldoevgunh@mqzxxkdxr.com
500,4364,aekuq,xfkccrenx,000 00 000,0,3/2/1973,616  jlbgk st,,boston,MA,39000,3022402389,4562422385,2302378847,xfkccrenx@ejfwmbikm.com
500,4370,utzao,yqcwkgatv,000 00 000,0,5/14/1958,5816  ualtj st,,boston,MA,39045,3022360480,4562359558,2302354911,yqcwkgatv@uqnkytycz.com
500,4374,dqbmr,uoqwwcvet,000 00 000,0,8/21/1977,1531  jqlhw st,,boston,MA,39002,3022407585,4562356154,2302357350,uoqwwcvet@cprhuojfc.com
500,4448,vqbgr,glaxgmdhc,000 00 000,0,4/28/1998,1872  dgapz st,,boston,MA,39017,3022413751,4562417127,2302349171,glaxgmdhc@ujmnedhcm.com
500,4456,ogyji,duodlfcih,000 00 000,0,1/16/1962,4443  cuzlx st,,boston,MA,39003,3022375331,4562410573,2302382150,duodlfcih@nadcqsvlp.com
500,4466,pbrto,tsrxxutat,000 00 000,1,1/9/1985,2903  ejiku st,,boston,MA,39082,3022417115,4562426273,2302416026,tsrxxutat@orjllfurg.com
500,4491,njmmr,rjzwzdufb,000 00 000,0,11/28/1988,2119  fsftz st,,boston,MA,39023,3022391606,4562368809,2302416419,rjzwzdufb@hcxmcviop.com
500,4524,jcxhj,pcsiuzwtu,000 00 000,0,1/21/1973,7221  tcsqk st,,boston,MA,39090,3022422807,4562379174,2302374540,pcsiuzwtu@ermodwqtc.com
500,4542,zlfok,inyvbznbx,000 00 000,0,9/23/1996,1139  dgbvi st,,boston,MA,39059,3022435271,4562342060,2302382946,inyvbznbx@cfwskfzup.com
500,4544,wkzed,ikftvczxl,000 00 000,0,4/27/1978,983  jdisg st,Suite #761,boston,MA,39075,3022346135,4562435871,2302378090,ikftvczxl@hqewyqukv.com
500,4563,xjjhu,qgsfcuerz,000 00 000,1,2/28/1963,2784  ngmcm st,,boston,MA,39041,3022387283,4562415303,2302434921,qgsfcuerz@ihgdbwcug.com
500,4576,pozbi,zgrqyxiyf,000 00 000,1,4/23/1992,92  cijqj st,,boston,MA,39061,3022389270,4562413509,2302362648,zgrqyxiyf@gxbitzpxo.com
500,4589,wuwqy,lnbrqpzsy,000 00 000,1,11/6/1991,2012  zfwcq st,,boston,MA,39008,3022366966,4562438034,2302390485,lnbrqpzsy@plxpvyqbo.com
500,4600,kapdr,rksbupmnt,000 00 000,0,5/10/1988,3271  xcgav st,,boston,MA,39033,3022360545,4562386460,2302435820,rksbupmnt@ojcibtbap.com
500,4608,vmuqh,cnxdlslwv,000 00 000,1,4/21/1990,3281  ljwoy st,Suite #345,boston,MA,39014,3022437285,4562420308,2302397733,cnxdlslwv@kwxpchqtk.com
500,4609,iqjgu,ueudhtfsn,000 00 000,1,8/22/1966,3095  pvkhr st,,boston,MA,39085,3022426861,4562427036,2302344290,ueudhtfsn@uctivyuhu.com
500,4629,bhulf,hyyuzfsae,000 00 000,0,3/14/1990,6979  qzdok st,,boston,MA,39003,3022413569,4562355006,2302354478,hyyuzfsae@xcywcjxjs.com
500,4638,ukyjx,gwqfakpzw,000 00 000,1,5/21/1953,1739  xjmui st,,boston,MA,39015,3022424276,4562345306,2302374199,gwqfakpzw@sgmrwhhua.com
500,4680,qynng,tciufvggb,000 00 000,1,3/9/1965,7504  qxevo st,,boston,MA,39008,3022439366,4562369546,2302350863,tciufvggb@puebxnrpj.com
500,4694,gcgev,yopzuewdc,000 00 000,0,9/12/1991,3264  obnac st,,boston,MA,39059,3022368790,4562424852,2302365509,yopzuewdc@khgswyvwx.com
500,4731,otygl,zsqekamdo,000 00 000,1,6/12/1996,5440  zfgrc st,,boston,MA,39071,3022398363,4562375696,2302342162,zsqekamdo@gotcquwwj.com
500,4740,qirud,vlonhwtyb,000 00 000,1,7/2/1951,4557  xjpmn st,,boston,MA,39002,3022345267,4562364730,2302402380,vlonhwtyb@fwhethstu.com
500,4759,dwpax,xhuhdrxus,000 00 000,1,2/22/1952,6524  qfdij st,,boston,MA,39040,3022439061,4562405140,2302427084,xhuhdrxus@rceadeyju.com
500,4791,ictrj,xayjnbpyh,000 00 000,1,11/4/1968,1244  pezhp st,,boston,MA,39016,3022381499,4562384329,2302419681,xayjnbpyh@dpcujgzde.com
500,4803,pamub,mexupahys,000 00 000,0,7/23/1956,6247  nmamm st,,boston,MA,39099,3022379860,4562362288,2302386488,mexupahys@rhtrmjwrq.com
500,4847,iczdo,rvdqctrcv,000 00 000,1,1/23/1986,7842  ptjuq st,,boston,MA,39090,3022381034,4562395602,2302407077,rvdqctrcv@hpcffrunk.com
500,4880,rvqwk,mxaolbahs,000 00 000,0,1/9/1967,313  pfuxq st,Suite #697,boston,MA,39025,3022363097,4562352543,2302347775,mxaolbahs@yfmovyqns.com
500,4881,csphr,sveladxta,000 00 000,0,6/9/1976,2549  wbtla st,,boston,MA,39040,3022425434,4562342051,2302431990,sveladxta@qmikptwto.com
500,4895,aifty,iketfruuj,000 00 000,1,1/15/1972,5179  gfcyi st,,boston,MA,39076,3022390136,4562396293,2302348640,iketfruuj@qskxwwkht.com
500,4898,zzwuc,xoiigykbb,000 00 000,1,3/10/1991,6958  bfcek st,,boston,MA,39019,3022383942,4562402582,2302342491,xoiigykbb@bdezyupeo.com
500,4906,grkkv,vkbxxtrsj,000 00 000,0,8/17/1997,3396  nybym st,,boston,MA,39042,3022358555,4562409113,2302420741,vkbxxtrsj@ykekawkqf.com
500,4927,nrokl,vlhijpvrm,000 00 000,0,8/22/1984,765  dgsjl st,,boston,MA,39011,3022368703,4562413551,2302430612,vlhijpvrm@lxuggsnjk.com
500,4985,mwfxb,czefkonjt,000 00 000,1,8/3/1990,5493  bhsxf st,Suite #170,boston,MA,39008,3022433494,4562427600,2302391584,czefkonjt@yyujcrqet.com
500,4997,dyzsa,wtaxmcfrh,000 00 000,0,10/3/1951,3532  bxzlr st,,boston,MA,39098,3022349912,4562345716,2302416789,wtaxmcfrh@xmnyumezm.com
500,5009,fhbxx,luirjbanx,000 00 000,0,10/23/1969,1298  opxuu st,,boston,MA,39043,3022369231,4562418462,2302378986,luirjbanx@rxgcicufo.com
500,5022,djlvh,unzxfoegy,000 00 000,1,9/17/1985,4276  ktkrt st,,boston,MA,39074,3022353576,4562381778,2302371504,unzxfoegy@xdaxxdrlw.com
500,5026,abdnu,jyihuymmi,000 00 000,1,11/25/1961,4376  rxpab st,,boston,MA,39097,3022358731,4562357225,2302409080,jyihuymmi@zbdnmbizx.com
500,5030,rooxa,uzsyyzpkg,000 00 000,0,9/15/1984,3471  hdmzr st,,boston,MA,39041,3022399609,4562353026,2302439547,uzsyyzpkg@thrbyjcqn.com
500,5070,cmlsj,ptlhpzwnz,000 00 000,0,11/9/1986,6509  fvlst st,,boston,MA,39059,3022425775,4562389828,2302427253,ptlhpzwnz@vpezxmtwo.com
500,5072,rlwma,xmczchpzu,000 00 000,0,11/9/1992,5339  shllp st,,boston,MA,39069,3022418988,4562370020,2302403052,xmczchpzu@bkymgclkm.com
500,5108,ezzdb,mvumwprlg,000 00 000,1,10/16/1967,2381  bltgo st,,boston,MA,39010,3022373003,4562376024,2302382357,mvumwprlg@ndttrsfvm.com
500,5120,tyyqd,tfxqqoesi,000 00 000,1,4/17/1964,4526  ruppb st,,boston,MA,39052,3022414799,4562367881,2302365617,tfxqqoesi@gjfuoyioj.com
500,5146,atliv,ystzgsivb,000 00 000,0,8/16/1963,6814  emawx st,,boston,MA,39012,3022367050,4562408852,2302396567,ystzgsivb@xfgrsijfi.com
500,5147,xqotx,twkqmpwol,000 00 000,1,5/2/1970,6444  cjxcm st,,boston,MA,39063,3022407015,4562426699,2302393626,twkqmpwol@qciddoojk.com
500,5210,ohxfz,gvsaeffpr,000 00 000,0,10/19/1977,6396  hgaup st,,boston,MA,39040,3022437020,4562398543,2302366291,gvsaeffpr@snxlqsiru.com
500,5233,mvtzf,foamlmscm,000 00 000,1,10/12/1951,6588  voupg st,,boston,MA,39013,3022427286,4562411811,2302439850,foamlmscm@ogcvmkwzj.com
500,5247,eixiv,ivkptfmfn,000 00 000,0,3/19/1957,5746  umwwz st,,boston,MA,39024,3022373008,4562367057,2302388878,ivkptfmfn@icntvxuki.com
500,5295,tmyxe,uhjkssllu,000 00 000,0,8/20/1994,1800  wpcvj st,,boston,MA,39027,3022438225,4562401822,2302344137,uhjkssllu@twfmoslkc.com
500,5310,yywbj,yaodfokkx,000 00 000,0,3/28/1982,6209  ftskp st,Suite #25,boston,MA,39085,3022404279,4562417600,2302427837,yaodfokkx@fruxikfux.com
500,5324,yngsu,dmsupjlfj,000 00 000,0,2/16/1961,2522  afalp st,,boston,MA,39078,3022361446,4562387268,2302346288,dmsupjlfj@lmhddgqky.com
500,5337,rojwh,gtfyfxdzh,000 00 000,1,8/27/1953,4042  hjbuc st,,boston,MA,39091,3022389421,4562356575,2302394631,gtfyfxdzh@dbhidqamm.com
500,5344,aikmi,sevkgittr,000 00 000,0,8/1/1954,438  tehev st,,boston,MA,39089,3022344133,4562344614,2302394942,sevkgittr@qajtqtfqg.com
500,5345,ebqtm,mnduhimpc,000 00 000,0,8/7/1985,4602  qrloy st,,boston,MA,39043,3022406273,4562415835,2302364268,mnduhimpc@meglkfksh.com
500,5346,mfpjo,ejdypfzqf,000 00 000,0,3/24/1965,2272  iwhuk st,,boston,MA,39018,3022373306,4562390657,2302389502,ejdypfzqf@vkidntxlp.com
500,5351,hscks,nbyqdgata,000 00 000,1,5/1/1952,2957  bytzj st,,boston,MA,39008,3022429005,4562344866,2302372132,nbyqdgata@xayduvomu.com
500,5357,ugafv,pdaepzsnn,000 00 000,0,3/27/1968,720  fmnof st,,boston,MA,39001,3022421318,4562430005,2302384814,pdaepzsnn@gqmguhyce.com
500,5383,rcgnf,ldicojdzc,000 00 000,0,9/24/1996,66  jqzvl st,Suite #997,boston,MA,39043,3022346649,4562342239,2302366053,ldicojdzc@tcjklprgi.com
500,5390,vsryu,hnocmujle,000 00 000,0,5/15/1962,1232  wmvgz st,,boston,MA,39090,3022357531,4562391752,2302379135,hnocmujle@tdwdwozus.com
500,5405,keist,yfqlktfxh,000 00 000,1,2/1/1973,1869  imvud st,Suite #146,boston,MA,39095,3022428493,4562400337,2302349760,yfqlktfxh@grusdjzlx.com
500,5442,uiowl,ossqixmwh,000 00 000,1,1/4/1971,3717  fekbe st,,boston,MA,39061,3022369445,4562395784,2302394739,ossqixmwh@zfuymbnzz.com
500,5455,edfpg,yvnxvewts,000 00 000,1,10/17/1950,6818  jownn st,,boston,MA,39057,3022347470,4562358009,2302424712,yvnxvewts@rltzjziih.com
500,5473,cttqx,dixpjcpng,000 00 000,0,3/10/1991,5444  gnxsw st,,boston,MA,39065,3022409777,4562375467,2302384441,dixpjcpng@lwniinqax.com
500,5477,bqebo,eylqzpvxe,000 00 000,0,3/22/1958,6115  pcpww st,,boston,MA,39099,3022402014,4562418189,2302349847,eylqzpvxe@moxzoiydk.com
500,5511,rbzks,hlvwbisrw,000 00 000,0,7/3/1953,140  eusfy st,,boston,MA,39094,3022427572,4562412185,2302417736,hlvwbisrw@jiqxmorzh.com
500,5524,zxpvi,jzfgrzmar,000 00 000,0,9/15/1957,7091  dalsx st,,boston,MA,39025,3022421557,4562419687,2302373497,jzfgrzmar@bncwwoxvp.com
500,5530,sowan,uvpcaorer,000 00 000,0,10/18/1957,2555  udnts st,,boston,MA,39056,3022351822,4562418635,2302398086,uvpcaorer@lvedkdymf.com
500,5548,barrf,lcysdpvwa,000 00 000,0,2/7/1976,2592  fmjie st,,boston,MA,39038,3022350038,4562418101,2302436137,lcysdpvwa@rvikcwuhz.com
500,5565,kghxk,iabmiqemf,000 00 000,0,10/19/1983,7706  kzjzx st,,boston,MA,39031,3022344159,4562438863,2302347577,iabmiqemf@ngqreqtzb.com
500,5575,rrbyk,bkdyidnrt,000 00 000,0,9/15/1956,843  xgbah st,Suite #975,boston,MA,39096,3022401539,4562382592,2302350471,bkdyidnrt@pxwbtkwtz.com
500,5582,buoxb,azyxafueu,000 00 000,1,3/9/1987,3669  ddpsd st,,boston,MA,39050,3022426416,4562375255,2302406559,azyxafueu@hlqzvzarq.com
500,5613,zhrvv,hnghgctec,000 00 000,1,3/16/1982,6711  uhkjn st,,boston,MA,39010,3022351695,4562368215,2302379497,hnghgctec@oiemrmwhw.com
500,5632,gftac,dagyyyayh,000 00 000,1,11/6/1978,1824  twazc st,,boston,MA,39089,3022405627,4562352798,2302401302,dagyyyayh@btpkskqpr.com
500,5640,qvqda,ximupoqmx,000 00 000,0,4/22/1986,5846  ibxoi st,,boston,MA,39063,3022365492,4562370541,2302375933,ximupoqmx@jpxayhjjd.com
500,5652,rczst,gtcmkemjr,000 00 000,1,4/20/1991,1776  ljuyp st,,boston,MA,39041,3022370865,4562369127,2302402905,gtcmkemjr@ckywvsemf.com
500,5661,pqswk,tgrurobcq,000 00 000,1,2/7/1971,5656  neeoq st,,boston,MA,39026,3022353789,4562405950,2302395096,tgrurobcq@uvavhvemt.com
500,5685,tvmwy,lpibyesvi,000 00 000,0,2/12/1990,7655  tdwaa st,,boston,MA,39053,3022372081,4562386932,2302383670,lpibyesvi@axlakrlfd.com
500,5716,hmccr,czkckblxg,000 00 000,1,3/23/1995,6452  nvjup st,,boston,MA,39046,3022435177,4562340619,2302360728,czkckblxg@qgjshqrvv.com
500,5743,zblcj,hxolndfdb,000 00 000,1,8/6/1985,4606  kfzwu st,,boston,MA,39062,3022426305,4562418893,2302348999,hxolndfdb@wjbsnzfdv.com
500,5750,rtndn,ukuzfveqj,000 00 000,0,1/22/1982,6433  gjztp st,,boston,MA,39063,3022353396,4562401567,2302372519,ukuzfveqj@efmmlryni.com
500,5783,mlpvp,trpglhqro,000 00 000,1,4/9/1977,3275  uzqkl st,,boston,MA,39051,3022354816,4562384357,2302427703,trpglhqro@dkqzmzapk.com
500,5826,xmqef,vzpdzkcvo,000 00 000,1,6/25/1954,2020  hyogu st,,boston,MA,39017,3022396276,4562437335,2302409478,vzpdzkcvo@znxqhpwce.com
500,5843,vkbov,zqhqmjfax,000 00 000,1,6/13/1958,5050  phytx st,,boston,MA,39078,3022376047,4562347493,2302341190,zqhqmjfax@lxemoocla.com
500,5845,lbyog,pflqsnozq,000 00 000,1,4/18/1998,4977  ihygo st,Suite #165,boston,MA,39022,3022400336,4562381517,2302396342,pflqsnozq@lykwyxjfx.com
500,5868,qnbpo,xnxlrfnbg,000 00 000,0,5/14/1971,3799  sfrox st,,boston,MA,39026,3022340954,4562426063,2302403439,xnxlrfnbg@waiullwos.com
500,5877,cbohq,yizjhrbrc,000 00 000,1,8/11/1968,5665  kjkol st,,boston,MA,39059,3022409780,4562350102,2302382299,yizjhrbrc@llxdhwyuw.com
500,5881,ndrgd,aiktdglsf,000 00 000,0,1/10/1998,7893  ychum st,,boston,MA,39086,3022375386,4562348018,2302426917,aiktdglsf@uoipwsric.com
500,5883,wupkj,wvirzfwls,000 00 000,0,5/20/1963,784  ojbzf st,,boston,MA,39018,3022362688,4562404390,2302434141,wvirzfwls@exxiedcdz.com
500,5890,voghq,hjpqjsbgg,000 00 000,0,11/18/1990,3591  hbiyc st,,boston,MA,39063,3022375564,4562364426,2302404005,hjpqjsbgg@zspyukosa.com
500,5929,iqeuh,qeftxjoyy,000 00 000,0,5/25/1995,1944  lchrs st,,boston,MA,39036,3022349572,4562428253,2302432935,qeftxjoyy@glyzknqxl.com
500,5944,glzip,dcalhcucc,000 00 000,1,7/17/1972,2358  kxmve st,,boston,MA,39024,3022371542,4562342672,2302400517,dcalhcucc@qfpzxtwoo.com
500,5953,tjkok,anpyzzlhk,000 00 000,1,11/4/1996,5626  iajmu st,,boston,MA,39009,3022378336,4562342035,2302346947,anpyzzlhk@mefofrppd.com
500,5955,volch,azukttwjx,000 00 000,0,11/1/1951,5717  gfvcc st,,boston,MA,39070,3022420318,4562418000,2302427563,azukttwjx@chmjmsujm.com
500,5974,pkyaz,tgkrwdgnb,000 00 000,0,2/26/1993,1018  rboui st,,boston,MA,39023,3022357756,4562423323,2302345276,tgkrwdgnb@anwfagsdq.com
500,5983,vlgag,uuokmyxas,000 00 000,1,7/8/1951,4681  vzxvq st,,boston,MA,39056,3022416171,4562358238,2302354722,uuokmyxas@zkwyjxxjg.com
500,5986,upbxh,etvtcsitc,000 00 000,0,7/20/1997,1986  yseeo st,,boston,MA,39053,3022345841,4562405153,2302395478,etvtcsitc@wwubyzbpi.com
500,5991,vowhc,bkoafiifa,000 00 000,1,4/4/1988,4632  djozv st,,boston,MA,39069,3022370402,4562386077,2302367251,bkoafiifa@mrtibgqfn.com
500,6017,syyya,tjcighpwy,000 00 000,1,9/3/1981,2032  uigau st,,boston,MA,39049,3022383222,4562412159,2302392268,tjcighpwy@lxnuygbyx.com
500,6038,uuzqs,yoxnoelzs,000 00 000,1,8/21/1953,6047  icshx st,,boston,MA,39080,3022401053,4562389352,2302439706,yoxnoelzs@deeuhuije.com
500,6045,txfje,nvhklaxfl,000 00 000,0,5/22/1980,3635  ntgor st,,boston,MA,39095,3022387751,4562438566,2302408111,nvhklaxfl@igtfheemd.com
500,6046,neffc,keqxkfuzc,000 00 000,0,3/6/1996,24  fxikg st,,boston,MA,39030,3022350157,4562365083,2302436267,keqxkfuzc@krcydwvua.com
500,6057,sobxb,hbcvlwbpa,000 00 000,1,11/10/1951,2053  bsvvh st,,boston,MA,39040,3022421089,4562419745,2302342737,hbcvlwbpa@jlvxbkyee.com
500,6095,ikllw,rorccyrnq,000 00 000,1,3/1/1982,6723  etwsd st,,boston,MA,39071,3022371011,4562432332,2302355861,rorccyrnq@iabdskktg.com
500,6113,mpyfj,ybvrtizfa,000 00 000,1,8/27/1974,804  vcopi st,,boston,MA,39058,3022407676,4562348144,2302379658,ybvrtizfa@qajujvnfw.com
500,6136,qohno,ztysnrkof,000 00 000,1,11/28/1999,5200  rkaoe st,,boston,MA,39045,3022346893,4562395335,2302343054,ztysnrkof@faogeqqqa.com
500,6183,pyrjc,sfaabptop,000 00 000,0,9/12/1982,3833  jkuqo st,,boston,MA,39098,3022384034,4562405828,2302353369,sfaabptop@rbyvytrip.com
500,6191,mpgvq,duejzoypb,000 00 000,0,7/14/1998,3497  mafrf st,,boston,MA,39090,3022351662,4562373833,2302342858,duejzoypb@xkvbtftli.com
500,6192,lsdvp,zitksgddh,000 00 000,0,11/26/1957,2394  saafc st,,boston,MA,39041,3022410748,4562355629,2302351530,zitksgddh@crhxhwtox.com
500,6213,fgdom,tpaqhdhzq,000 00 000,1,6/3/1966,2542  dtucs st,,boston,MA,39087,3022439177,4562374108,2302375075,tpaqhdhzq@apetvgepu.com
500,6236,ajwgb,swfmqcidz,000 00 000,0,6/6/1966,4982  qeyjg st,,boston,MA,39008,3022437433,4562375488,2302382328,swfmqcidz@rsqtgkdfq.com
500,6237,hsjoh,tfoqsnsqe,000 00 000,0,10/23/1976,2111  wbtez st,,boston,MA,39029,3022353771,4562398671,2302436753,tfoqsnsqe@kfegoftfh.com
500,6241,ggyfx,bhjnlhgxh,000 00 000,0,4/15/1980,7304  rabot st,,boston,MA,39087,3022354472,4562430758,2302425484,bhjnlhgxh@pcwaxjmyn.com
500,6251,rgrda,nkjryhngx,000 00 000,1,7/1/1959,3011  uderw st,Suite #247,boston,MA,39034,3022431670,4562419150,2302417781,nkjryhngx@mwnzdkexg.com
500,6290,ckzzj,zknuqqyrc,000 00 000,0,4/5/1983,6391  xuzya st,,boston,MA,39085,3022393566,4562405198,2302439428,zknuqqyrc@iqeghhrdp.com
500,6292,ibugp,nfeoqvmlw,000 00 000,0,10/5/1974,3405  qyinm st,,boston,MA,39023,3022356555,4562392497,2302368510,nfeoqvmlw@dfvgmlgfe.com
500,6299,fravi,qffbklthq,000 00 000,1,1/3/1998,4913  khuzy st,Suite #535,boston,MA,39065,3022439657,4562422728,2302410122,qffbklthq@awhvaejzg.com
500,6300,mnnqs,cebjvdsag,000 00 000,0,11/25/1954,6194  iolqa st,,boston,MA,39018,3022384191,4562377406,2302418972,cebjvdsag@ulkwfgzup.com
500,6318,wqslx,mzukgagbf,000 00 000,0,5/4/1985,5092  rghla st,,boston,MA,39036,3022401667,4562367356,2302345856,mzukgagbf@pxdbrqxhw.com
500,6340,akzrj,zniovtswt,000 00 000,0,10/5/1982,1209  mnfdu st,,boston,MA,39060,3022438854,4562390170,2302431313,zniovtswt@iuqkpeccp.com
500,6381,azxmi,zlsmthwjh,000 00 000,0,8/7/1972,3734  fmyqs st,Suite #854,boston,MA,39001,3022379217,4562429612,2302376552,zlsmthwjh@nyodnlemr.com
500,6415,ltngf,sqbqcqexj,000 00 000,0,3/28/1979,1948  caflr st,,boston,MA,39093,3022350508,4562379736,2302354921,sqbqcqexj@qgyuexfff.com
500,6505,kazzy,owbkmgdyg,000 00 000,0,2/6/1973,6908  sabaj st,,boston,MA,39091,3022392800,4562383576,2302399328,owbkmgdyg@devfxjfid.com
500,6527,yhlur,cixavwnpw,000 00 000,0,6/12/1953,3618  ardtc st,,boston,MA,39039,3022407377,4562389526,2302439854,cixavwnpw@hjttteejm.com
500,6541,kxhis,iqnaojcei,000 00 000,0,9/27/1973,7020  ezwys st,,boston,MA,39036,3022412035,4562436068,2302418404,iqnaojcei@nfejlhfza.com
500,6624,eafsq,rbojqjeog,000 00 000,1,2/5/1982,2922  qmajc st,,boston,MA,39053,3022437922,4562361352,2302432583,rbojqjeog@mycdsocud.com
500,6634,tkrfm,huzqjqeru,000 00 000,0,5/8/1962,4625  lzbzy st,,boston,MA,39074,3022425916,4562399536,2302425112,huzqjqeru@tukneqzin.com
500,6663,ktdvs,wgemgtjsf,000 00 000,1,8/12/1988,2391  qbnms st,,boston,MA,39076,3022340336,4562354096,2302408709,wgemgtjsf@edlflygce.com
500,6696,edrvo,oulmzfewf,000 00 000,0,1/19/1961,2175  jhjxu st,,boston,MA,39075,3022372466,4562380833,2302403993,oulmzfewf@znanntnpa.com
500,6740,rpgsl,coaenabgm,000 00 000,1,5/14/1986,1050  aejfo st,,boston,MA,39077,3022406163,4562408248,2302379852,coaenabgm@hvnlmbrsx.com
500,6749,byziq,vnkyzjpvz,000 00 000,1,1/5/1974,55  sgvto st,,boston,MA,39002,3022404468,4562360923,2302437985,vnkyzjpvz@avbnjeavo.com
500,6760,cvyhf,xmgvxifcn,000 00 000,0,6/27/1962,957  mdzaf st,,boston,MA,39091,3022374104,4562435942,2302354455,xmgvxifcn@bawwdlkdo.com
500,6772,htvnx,dwlbskwso,000 00 000,0,2/13/1967,7714  kfrrg st,,boston,MA,39028,3022395234,4562345079,2302394120,dwlbskwso@jvqjhvwsj.com
500,6787,qsrlc,suzanysvu,000 00 000,1,1/13/1985,7573  gbemz st,,boston,MA,39095,3022433560,4562405614,2302352968,suzanysvu@zvtfswvgt.com
500,6828,iqffx,lwmthwskt,000 00 000,0,7/12/1957,1566  ixiba st,,boston,MA,39076,3022389988,4562369406,2302389570,lwmthwskt@imyidhndo.com
500,6833,tehwx,hezfzxkre,000 00 000,1,8/26/1983,3045  hprdr st,,boston,MA,39054,3022411742,4562415229,2302429531,hezfzxkre@kdpjiopsu.com
500,6837,bincs,rnsacfujw,000 00 000,0,5/4/1995,6934  pfikm st,Suite #899,boston,MA,39038,3022346677,4562391295,2302396682,rnsacfujw@nagcjybua.com
500,6887,oqsep,pkcnwhrjs,000 00 000,0,10/9/1973,6895  cdnyp st,Suite #419,boston,MA,39035,3022431783,4562357149,2302424984,pkcnwhrjs@fmuugoegv.com
500,6897,ngbot,ksdluldcp,000 00 000,0,10/22/1978,2091  qkwfr st,,boston,MA,39060,3022384575,4562384897,2302419398,ksdluldcp@xcjadfvhq.com
500,6920,cayiu,zgbelzvxj,000 00 000,1,8/10/1999,3244  iznmy st,,boston,MA,39073,3022341893,4562397737,2302407947,zgbelzvxj@ajmqpzfxw.com
500,6934,xhugx,mbwknefuk,000 00 000,0,3/14/1950,3429  sipiv st,,boston,MA,39061,3022391862,4562346770,2302423172,mbwknefuk@nenuluwxs.com
500,6951,gkpdn,isoahylzq,000 00 000,1,6/20/1956,5979  uwfzz st,,boston,MA,39055,3022355933,4562348279,2302404801,isoahylzq@wdpfvxgau.com
500,6979,zikpc,orzwjhwzt,000 00 000,0,9/15/1985,7193  pntzp st,,boston,MA,39078,3022389978,4562383636,2302408619,orzwjhwzt@tmwoqxgpb.com
500,7001,zolrf,onpseyogg,000 00 000,1,5/21/1999,1125  otleg st,Suite #604,boston,MA,39044,3022427368,4562428872,2302367607,onpseyogg@eszgnvcsp.com
500,7007,gyfvz,jkcnjppak,000 00 000,0,5/27/1957,5771  cwapx st,,boston,MA,39091,3022400093,4562396664,2302406934,jkcnjppak@nljoxzhei.com
500,7025,lekbh,atwlorill,000 00 000,0,8/28/1978,1403  ostwz st,,boston,MA,39031,3022360619,4562421434,2302359369,atwlorill@zyiuedtvy.com
500,7032,cwcgc,epnkadokj,000 00 000,1,11/6/1951,3961  rxgct st,,boston,MA,39010,3022391345,4562419590,2302437583,epnkadokj@dmpreodii.com
500,7035,xknxn,oenzrmhtt,000 00 000,0,4/5/1992,2582  wjpqm st,,boston,MA,39068,3022385544,4562357494,2302341996,oenzrmhtt@owqvcmsur.com
500,7051,izmpz,igpdcybso,000 00 000,1,5/1/1978,2101  ytfgj st,,boston,MA,39073,3022417429,4562423343,2302341340,igpdcybso@cctewfkpe.com
500,7067,lusgh,hqmjfcunh,000 00 000,1,10/6/1972,4649  iiiow st,,boston,MA,39077,3022430805,4562413169,2302358632,hqmjfcunh@pgeavenkx.com
500,7085,egjmk,mswccuppk,000 00 000,1,7/14/1983,6604  hwqzk st,,boston,MA,39025,3022419783,4562382544,2302401248,mswccuppk@jblvfycri.com
500,7091,btovo,btzssscyp,000 00 000,0,7/17/1963,2529  lzzcw st,,boston,MA,39053,3022393784,4562376291,2302347478,btzssscyp@hinkgnulq.com
500,7095,tdyte,ozioxfeek,000 00 000,0,9/4/1978,4415  njgtl st,,boston,MA,39051,3022377684,4562340220,2302357385,ozioxfeek@nyhkuvijc.com
500,7128,korov,gfsondqzp,000 00 000,0,9/11/1995,1946  aoaye st,Suite #830,boston,MA,39005,3022420517,4562398893,2302374663,gfsondqzp@mucbwirgl.com
500,7130,ansqe,siiupwcpi,000 00 000,0,9/27/1991,3755  madpt st,Suite #107,boston,MA,39042,3022364689,4562354457,2302436912,siiupwcpi@syvaqeitz.com
500,7131,wvofi,gxrgcuwka,000 00 000,1,6/25/1962,71  oicvo st,,boston,MA,39093,3022399113,4562393844,2302356014,gxrgcuwka@fgwjcfeuj.com
500,7137,pjcdl,zmsogsjul,000 00 000,0,1/27/1951,1314  gsgpm st,,boston,MA,39089,3022393328,4562362432,2302370370,zmsogsjul@bsuogjzrw.com
500,7171,qyzcs,mfztogqex,000 00 000,0,7/11/1973,7675  sqdhl st,,boston,MA,39011,3022350786,4562369184,2302388240,mfztogqex@xntjyrrvd.com
500,7192,hvams,kaykmztji,000 00 000,1,8/5/1993,742  akmdj st,,boston,MA,39075,3022351767,4562385588,2302400167,kaykmztji@awzluvlzo.com
500,7210,njwox,hudpuinlv,000 00 000,1,4/15/1959,4434  hiicu st,,boston,MA,39042,3022413490,4562430930,2302350713,hudpuinlv@drugygest.com
500,7225,bgelz,xtyidryxn,000 00 000,1,10/21/1953,6523  mkvyl st,,boston,MA,39057,3022344920,4562425750,2302408572,xtyidryxn@frfxxmrej.com
500,7226,yehnr,nuodtkvsg,000 00 000,0,2/12/1986,7229  nuknx st,,boston,MA,39073,3022419950,4562387653,2302367925,nuodtkvsg@kctiurdws.com
500,7268,tiegv,hyuubnvfh,000 00 000,0,1/25/1992,6707  rgksv st,,boston,MA,39033,3022391295,4562436231,2302352956,hyuubnvfh@zihhaskam.com
500,7270,dkqav,vivudigtx,000 00 000,1,6/17/1984,5515  oqjwt st,,boston,MA,39005,3022404348,4562388320,2302364735,vivudigtx@nfuybvntd.com
500,7315,dhwdq,kdvslsmsp,000 00 000,0,10/23/1996,4161  qcjwn st,,boston,MA,39017,3022385339,4562351835,2302418458,kdvslsmsp@eozbjagci.com
500,7318,viwis,tbdopcpvj,000 00 000,0,2/6/1970,3043  vorwr st,Suite #93,boston,MA,39022,3022387584,4562378516,2302424325,tbdopcpvj@ddpmutzmq.com
500,7342,fuprd,xboounqzo,000 00 000,0,4/13/1952,1505  hnbow st,,boston,MA,39023,3022355335,4562414721,2302353398,xboounqzo@vgmennzhl.com
500,7391,sdhnr,tmxaurqdi,000 00 000,1,7/24/1984,864  lvjok st,,boston,MA,39064,3022343288,4562366975,2302346439,tmxaurqdi@zedaydlwf.com
500,7449,nzlbp,qjbdoayfg,000 00 000,0,3/21/1970,6551  znxbn st,,boston,MA,39058,3022389412,4562410196,2302366936,qjbdoayfg@bzzsvctbz.com
500,7465,ahstu,yikklccga,000 00 000,0,10/7/1982,1356  krufd st,,boston,MA,39005,3022391553,4562392989,2302407882,yikklccga@pbylpuywj.com
500,7490,kipif,vlkbataaj,000 00 000,1,8/28/1997,5769  eahsh st,,boston,MA,39032,3022431313,4562410919,2302438450,vlkbataaj@nszctcjdx.com
500,7492,hlekm,lrgjyenfo,000 00 000,1,2/5/1965,1833  mcuxl st,,boston,MA,39031,3022437836,4562376812,2302366029,lrgjyenfo@cocwlkpqz.com
500,7493,beiok,oyxbnwyaw,000 00 000,0,1/13/1969,4943  lmavd st,,boston,MA,39051,3022380504,4562386582,2302413016,oyxbnwyaw@fxopckmck.com
500,7498,jofwy,qbmhcyzts,000 00 000,1,4/25/1983,6117  odujg st,,boston,MA,39032,3022407174,4562405978,2302410874,qbmhcyzts@fqoninmko.com
500,7501,bgnts,mbzyilmii,000 00 000,0,2/13/1979,2255  renzp st,,boston,MA,39001,3022392243,4562393152,2302425243,mbzyilmii@ofmymciif.com
500,7517,lyeol,pmidfpdmp,000 00 000,1,1/25/1989,7418  eyqap st,,boston,MA,39096,3022391925,4562403423,2302412679,pmidfpdmp@yaqpumjoy.com
500,7543,zengy,vhxppkbli,000 00 000,0,3/28/1960,4232  ugwvg st,,boston,MA,39081,3022431177,4562416493,2302413552,vhxppkbli@emvdlzuwn.com
500,7553,bmmke,jtooagfjx,000 00 000,1,7/21/1971,3046  swaza st,,boston,MA,39061,3022429632,4562412124,2302396045,jtooagfjx@ztmfmdudo.com
500,7596,thicq,rgzkxroyg,000 00 000,0,3/11/1973,1210  jqgap st,,boston,MA,39012,3022393066,4562349003,2302420104,rgzkxroyg@vwfjshchg.com
500,7603,zhkmb,quwziplwi,000 00 000,1,9/26/1961,5516  fsolg st,Suite #623,boston,MA,39024,3022349609,4562370772,2302413794,quwziplwi@bjxluvika.com
500,7627,vezht,jkpmdcdze,000 00 000,1,9/17/1975,1302  ecebw st,,boston,MA,39074,3022389234,4562367475,2302435094,jkpmdcdze@rskwobyid.com
500,7630,owkno,xftjrnatp,000 00 000,1,6/20/1993,4341  qcuhf st,,boston,MA,39026,3022380223,4562366170,2302366709,xftjrnatp@wztsmhbrf.com
500,7657,qooul,gwwivcosr,000 00 000,0,2/24/1972,4828  tlmqx st,,boston,MA,39029,3022392436,4562362406,2302364714,gwwivcosr@vgyjwustg.com
500,7692,bpgfr,xqueokyiq,000 00 000,1,3/13/1991,3001  fwmim st,,boston,MA,39074,3022435672,4562399758,2302357226,xqueokyiq@gfmzkynhw.com
500,7694,ywyky,euuqhpfcl,000 00 000,1,7/1/1963,707  mgddd st,,boston,MA,39002,3022370502,4562424329,2302370630,euuqhpfcl@ooqwbdppi.com
500,7711,mfvpk,vronkhgtg,000 00 000,1,10/22/1963,792  uzkfu st,,boston,MA,39011,3022435134,4562430122,2302414946,vronkhgtg@gcirihkyx.com
500,7719,mmvll,mujbvwvmf,000 00 000,0,5/18/1952,4311  ulwyd st,,boston,MA,39086,3022423016,4562438580,2302390583,mujbvwvmf@ctqpbhgnz.com
500,7728,oahzv,irxjueuhg,000 00 000,0,4/19/1998,249  oaafy st,,boston,MA,39000,3022427464,4562396514,2302430582,irxjueuhg@jlrcoysru.com
500,7730,cxrmb,xvguoqany,000 00 000,1,6/18/1978,3501  zmiyu st,Suite #904,boston,MA,39054,3022354097,4562386102,2302413877,xvguoqany@kyijlnubr.com
500,7737,ljxve,aadgrmcdg,000 00 000,1,4/6/1963,2377  mfmkk st,,boston,MA,39058,3022418715,4562370179,2302430402,aadgrmcdg@vfnxavsgk.com
500,7746,fqtvm,eqxezqhpz,000 00 000,1,9/6/1966,1113  fyayc st,,boston,MA,39071,3022436485,4562389633,2302424211,eqxezqhpz@loqjtplnu.com
500,7778,gcklb,khldjpjzh,000 00 000,1,5/15/1958,5030  cpijh st,,boston,MA,39038,3022401940,4562359214,2302373931,khldjpjzh@pabscgnqo.com
500,7787,nnxbj,qaajkvcmo,000 00 000,0,3/6/1978,2935  sbptw st,Suite #489,boston,MA,39043,3022381531,4562389201,2302373457,qaajkvcmo@ovvfhfegq.com
500,7794,zwptz,qqlsllczc,000 00 000,0,5/28/1968,2173  gtkzb st,,boston,MA,39017,3022382100,4562400429,2302362650,qqlsllczc@srbxsnsof.com
500,7828,gehvr,dtavugtaw,000 00 000,1,5/16/1991,6090  faajc st,,boston,MA,39100,3022393422,4562372868,2302374832,dtavugtaw@flqiuaoem.com
500,7857,ecgvq,tbbyfpqxz,000 00 000,1,9/11/1986,367  jyavf st,,boston,MA,39064,3022375022,4562377920,2302363467,tbbyfpqxz@rmehjjqdq.com
500,7885,epeot,kgsbqsion,000 00 000,0,6/27/1964,1020  rhawr st,,boston,MA,39075,3022345561,4562389153,2302409392,kgsbqsion@bndmzsidh.com
500,7921,ufvbp,lavdsugxy,000 00 000,0,11/7/1960,2143  scnso st,,boston,MA,39086,3022347846,4562428810,2302344210,lavdsugxy@qtiqjqnsd.com
500,7957,namfh,slnvpyabt,000 00 000,1,2/11/1975,5698  tepzd st,,boston,MA,39035,3022389423,4562420984,2302422001,slnvpyabt@wqgegrpfg.com
500,7975,cxgas,dlmtexsyo,000 00 000,0,2/10/1957,5144  oesjp st,,boston,MA,39051,3022426008,4562348049,2302436484,dlmtexsyo@jpznwnoyo.com
500,7987,zucfs,cedewotqo,000 00 000,0,1/27/1996,7300  aueuc st,,boston,MA,39094,3022438733,4562391652,2302435036,cedewotqo@cpdfolziz.com
500,8001,gicnf,bzoidwspd,000 00 000,0,10/6/1984,5161  kuxoi st,,boston,MA,39097,3022368420,4562434412,2302367852,bzoidwspd@mpdntftde.com
500,8012,fwaps,zjbotmmwd,000 00 000,1,9/19/1980,5013  ykvbo st,,boston,MA,39088,3022389941,4562359732,2302360386,zjbotmmwd@sntqnxlme.com
500,8118,sbiat,ojgdwuchr,000 00 000,1,4/3/1950,4062  vnulv st,,boston,MA,39002,3022397123,4562402386,2302433406,ojgdwuchr@pxihnkoyi.com
500,8141,lvspb,pafgbrqvq,000 00 000,0,1/18/1953,6584  zksvo st,,boston,MA,39018,3022389320,4562361800,2302379136,pafgbrqvq@xhkdvrvme.com
500,8150,lyqnz,exifjeikw,000 00 000,1,7/13/1984,4811  llocs st,,boston,MA,39008,3022422401,4562348614,2302359472,exifjeikw@tvoepolav.com
500,8151,wwpdl,wwzhxfabt,000 00 000,1,5/28/1951,4630  jreop st,,boston,MA,39019,3022432828,4562340647,2302410430,wwzhxfabt@pgqazkuaf.com
500,8187,duobu,gqllxmqqu,000 00 000,1,3/25/1995,1938  yfmbx st,,boston,MA,39037,3022404915,4562405095,2302341197,gqllxmqqu@espvensrk.com
500,8225,njnxa,rtaixxiir,000 00 000,1,4/28/1998,3656  yfnri st,,boston,MA,39025,3022374041,4562437466,2302410534,rtaixxiir@nizmtazlq.com
500,8240,teqxe,kjucwwkpb,000 00 000,1,2/26/1966,2698  noveh st,,boston,MA,39047,3022395611,4562414772,2302436653,kjucwwkpb@yujykgbdg.com
500,8265,romot,fuaroxgyx,000 00 000,0,6/25/1989,4777  etozo st,,boston,MA,39078,3022365861,4562436923,2302344216,fuaroxgyx@uuminesim.com
500,8285,fciej,cxbeprygv,000 00 000,1,2/1/1985,3594  udnte st,,boston,MA,39032,3022391110,4562382865,2302351451,cxbeprygv@vzgvpyjkf.com
500,8336,rquop,egmaesdsw,000 00 000,1,6/8/1992,2961  gbiqb st,,boston,MA,39003,3022378044,4562370380,2302407104,egmaesdsw@jxyjpekew.com
500,8338,igngj,ejhjypkqj,000 00 000,1,11/6/1988,4065  xhrvk st,,boston,MA,39005,3022382744,4562411979,2302397898,ejhjypkqj@ksoeeeneh.com
500,8341,fnyal,jdqftmdui,000 00 000,0,1/26/1989,6553  ftwta st,,boston,MA,39016,3022377843,4562350412,2302340900,jdqftmdui@yqjsanqzj.com
500,8366,hmwqs,wwcjzoizk,000 00 000,0,8/20/1983,1051  zexlq st,,boston,MA,39059,3022363859,4562402521,2302356725,wwcjzoizk@lercaeqkl.com
500,8367,bcavz,tsfedcwoh,000 00 000,0,6/17/1978,5603  waqrv st,,boston,MA,39071,3022432589,4562428574,2302360713,tsfedcwoh@vjtxfmnlw.com
500,8418,kgesl,gfbxwenng,000 00 000,1,9/13/1964,4445  lugsq st,,boston,MA,39040,3022424015,4562435215,2302368415,gfbxwenng@qzgwdbvpo.com
500,8479,gtfbs,nhiyhcaew,000 00 000,0,5/9/1962,4583  azznm st,,boston,MA,39076,3022409139,4562428785,2302421801,nhiyhcaew@ypmzwdmah.com
500,8483,rjqsg,ksmnbqfbh,000 00 000,1,2/20/1991,1927  vcfah st,,boston,MA,39045,3022420206,4562345273,2302345249,ksmnbqfbh@ybbmgctkw.com
500,8485,qxsfm,jskaychmi,000 00 000,0,8/18/1999,458  ohxry st,,boston,MA,39070,3022439760,4562377056,2302379338,jskaychmi@ztbzlrmrd.com
500,8495,vsgmd,bmckkerbp,000 00 000,1,11/19/1952,926  njame st,,boston,MA,39088,3022412211,4562350238,2302418873,bmckkerbp@cocjtppcy.com
500,8503,zhzox,qwwwtzjcy,000 00 000,1,4/1/1998,4003  kmjnd st,,boston,MA,39066,3022393456,4562351867,2302380739,qwwwtzjcy@orguhlraq.com
500,8535,iudjb,xckenmkma,000 00 000,0,10/7/1963,4423  kbvju st,,boston,MA,39079,3022397962,4562384531,2302395552,xckenmkma@wgarpvtuw.com
500,8545,wjyru,opqgbhatc,000 00 000,1,4/22/1999,439  vkgpa st,,boston,MA,39014,3022438882,4562354801,2302402337,opqgbhatc@xdnmafmnh.com
500,8581,pxpbc,lvktetpxk,000 00 000,0,9/24/1981,6593  zldwu st,,boston,MA,39033,3022367006,4562418783,2302383745,lvktetpxk@kpwpnjljf.com
500,8598,prtnm,jqprcusfi,000 00 000,0,9/9/1950,6222  fsisi st,,boston,MA,39075,3022419741,4562411075,2302375779,jqprcusfi@uatldxxqo.com
500,8611,nqakj,kynvlrbrv,000 00 000,1,1/8/1973,3113  dqtph st,,boston,MA,39051,3022401705,4562358989,2302418476,kynvlrbrv@dmkwmvepg.com
500,8659,dujnu,zbfuyklah,000 00 000,0,8/27/1979,7335  fysio st,,boston,MA,39042,3022433337,4562427608,2302380115,zbfuyklah@ymcvmkpcn.com
500,8695,fchga,lkaoqxszw,000 00 000,1,4/4/1994,3030  uodbb st,,boston,MA,39096,3022374180,4562424144,2302381366,lkaoqxszw@zziexzefh.com
500,8724,atyae,hgulbgmhu,000 00 000,1,1/2/1950,1374  pawdl st,,boston,MA,39047,3022344529,4562379280,2302372298,hgulbgmhu@enraikitv.com
500,8734,gqhzn,fciddytlc,000 00 000,1,10/2/1961,3243  semvj st,,boston,MA,39092,3022436613,4562381012,2302426717,fciddytlc@coixmwycu.com
500,8735,vhsgf,gbilstpzf,000 00 000,0,10/5/1997,3283  hpcpj st,,boston,MA,39026,3022426597,4562375577,2302439744,gbilstpzf@zxynmlkdy.com
500,8736,waaha,cvbfqamwr,000 00 000,0,9/22/1957,6695  bkjtv st,,boston,MA,39041,3022414531,4562374963,2302342467,cvbfqamwr@dyvvanzll.com
500,8760,yrmww,zcdeoqezu,000 00 000,0,10/28/1997,5897  qqaci st,,boston,MA,39042,3022350630,4562396102,2302400400,zcdeoqezu@bzxfyftpk.com
500,8773,azhjy,vwsnheoex,000 00 000,1,3/23/1987,1017  ieoxf st,,boston,MA,39064,3022428134,4562349233,2302356059,vwsnheoex@yeieolbvq.com
500,8822,jyisb,quykikuem,000 00 000,1,8/1/1979,1891  iryoe st,,boston,MA,39014,3022347821,4562361052,2302414707,quykikuem@tqafstgxf.com
500,8829,yhkrl,smgsiyzyy,000 00 000,1,11/20/1961,5077  zakrv st,,boston,MA,39095,3022393019,4562408603,2302372406,smgsiyzyy@mvvafrivs.com
500,8844,cpvei,ebmilifim,000 00 000,1,2/17/1956,5915  vkcon st,,boston,MA,39095,3022365127,4562387468,2302374870,ebmilifim@ktqjmtfin.com
500,8848,wtivk,olsdwqkyy,000 00 000,1,9/6/1979,2792  keaob st,,boston,MA,39035,3022381594,4562413210,2302423642,olsdwqkyy@vagdkrgoq.com
500,8864,mpbwh,sbssbwpox,000 00 000,0,10/4/1953,2542  iyqez st,,boston,MA,39032,3022375986,4562358007,2302347353,sbssbwpox@ydiwkvcnj.com
500,8865,txcqm,tbuscjhtw,000 00 000,0,11/20/1999,6265  xftzd st,Suite #469,boston,MA,39072,3022403262,4562438660,2302349091,tbuscjhtw@jmslipkcd.com
500,8875,ehwbh,jepdlziup,000 00 000,0,3/7/1987,114  wepyw st,,boston,MA,39018,3022423900,4562370176,2302433765,jepdlziup@upypyqzas.com
500,8927,oukng,ttdlpchna,000 00 000,1,5/4/1997,7040  bjblv st,,boston,MA,39001,3022376179,4562406497,2302377692,ttdlpchna@evrxrlymm.com
500,8937,dezrb,ufcmyxhte,000 00 000,1,1/21/1951,6584  knutm st,,boston,MA,39085,3022387308,4562365227,2302429463,ufcmyxhte@mouuydraa.com
500,9001,whjea,wyibpyhsm,000 00 000,1,10/26/1950,5578  yjdqu st,,boston,MA,39077,3022353167,4562358929,2302354981,wyibpyhsm@dacesvhis.com
500,9006,ovjmd,cirqznihe,000 00 000,1,7/23/1958,3044  unsqf st,,boston,MA,39008,3022439616,4562390327,2302375551,cirqznihe@dxmwovdkg.com
500,9020,pwmvx,xpeykxbcd,000 00 000,0,7/9/1974,6632  wvyzo st,,boston,MA,39017,3022344482,4562385651,2302370365,xpeykxbcd@opzqluttl.com
500,9098,ekufj,gpcxlrlce,000 00 000,1,4/3/1964,3502  fkrlv st,,boston,MA,39044,3022372880,4562343644,2302420507,gpcxlrlce@ozqdnsnxm.com
500,9106,vuxch,uzrxxvzcd,000 00 000,1,11/17/1954,4609  upmhz st,Suite #966,boston,MA,39061,3022391946,4562420481,2302390363,uzrxxvzcd@owkazqnwm.com
500,9122,wculp,kppklmuuu,000 00 000,1,2/9/1974,2152  jxzcg st,Suite #9,boston,MA,39077,3022358217,4562414465,2302392253,kppklmuuu@ydkeaptbz.com
500,9139,dhxdv,fqxmvkoow,000 00 000,1,6/1/1988,193  bogqp st,,boston,MA,39018,3022426260,4562353224,2302359145,fqxmvkoow@ghkagluxm.com
500,9172,alwoo,gipoxdzma,000 00 000,1,7/19/1966,1097  izaqo st,,boston,MA,39028,3022384839,4562384671,2302362250,gipoxdzma@dwqrwyhzm.com
500,9226,mnbpn,tokbvvssg,000 00 000,0,7/27/1968,2887  ebagd st,,boston,MA,39024,3022344863,4562398841,2302374537,tokbvvssg@rkwaxgoin.com
500,9279,slltw,aidbkhlcf,000 00 000,0,3/3/1978,3052  ujtqf st,,boston,MA,39092,3022417426,4562422955,2302404503,aidbkhlcf@rwfwktady.com
500,9302,chntt,sjxdaanjj,000 00 000,0,6/1/1965,2248  wedmt st,,boston,MA,39096,3022392598,4562414022,2302396050,sjxdaanjj@grmmljqhk.com
500,9329,upvsp,fvztptwmn,000 00 000,0,7/26/1974,3366  mgamc st,Suite #969,boston,MA,39025,3022407494,4562392780,2302429632,fvztptwmn@vfgipyahh.com
500,9372,uaqrh,rokfzktqp,000 00 000,0,5/7/1966,1218  mqdyk st,,boston,MA,39013,3022381413,4562348932,2302412205,rokfzktqp@ipshvsjro.com
500,9387,lhmgu,xbgpkxsdc,000 00 000,1,7/13/1963,5843  lndig st,Suite #580,boston,MA,39081,3022346204,4562424331,2302359209,xbgpkxsdc@dswnnohte.com
500,9429,pucgm,pmjnvwxal,000 00 000,1,4/24/1962,3148  spbux st,,boston,MA,39063,3022397063,4562391366,2302413743,pmjnvwxal@hgkinqzwn.com
500,9449,zjcby,dwegmbhbf,000 00 000,1,8/13/1989,2702  eywhn st,Suite #994,boston,MA,39026,3022412164,4562401381,2302433818,dwegmbhbf@meykbkwcd.com
500,9478,bxdun,ojznxnyxt,000 00 000,0,2/17/1971,2971  pjfxf st,,boston,MA,39002,3022371317,4562377732,2302433708,ojznxnyxt@kujyfknfm.com
500,9489,qvkwv,ifjqknids,000 00 000,1,6/12/1971,5750  fbvte st,,boston,MA,39028,3022374033,4562397006,2302387888,ifjqknids@levuohsng.com
500,9495,sbcfa,jnaetiyng,000 00 000,1,4/1/1983,1863  dbfjl st,,boston,MA,39033,3022384663,4562422166,2302432892,jnaetiyng@dlgwunppr.com
500,9518,xwmny,vtalpgkee,000 00 000,1,2/17/1959,233  ucpdz st,,boston,MA,39088,3022402294,4562399985,2302437532,vtalpgkee@cikrljrfh.com
500,9520,cchhx,qyubtjgrv,000 00 000,0,4/7/1979,6318  jsyle st,,boston,MA,39006,3022422996,4562384802,2302375766,qyubtjgrv@gwhfsatol.com
500,9547,mkqom,ywpfoigin,000 00 000,1,9/1/1991,651  crmaq st,,boston,MA,39074,3022422367,4562341634,2302426636,ywpfoigin@dbaqmdhee.com
500,9560,hrcei,jwnnxgrvh,000 00 000,1,6/17/1999,6960  bhlxh st,,boston,MA,39049,3022370146,4562428973,2302409762,jwnnxgrvh@iyrfrdvbz.com
500,9563,ymhnm,pgmyzfypn,000 00 000,0,10/8/1971,6981  xcvim st,,boston,MA,39004,3022396797,4562371100,2302360562,pgmyzfypn@vqeqjhlzd.com
500,9574,kfjpz,dsoximtiu,000 00 000,1,8/10/1980,7606  gkski st,,boston,MA,39095,3022358435,4562341632,2302377710,dsoximtiu@yvydkuqmq.com
500,9601,iluqj,jnipwqgzk,000 00 000,1,10/27/1999,7782  gzhbz st,,boston,MA,39048,3022372860,4562382865,2302350223,jnipwqgzk@oimatvsru.com
500,9608,qqite,yjbkaeseh,000 00 000,0,4/24/1963,1921  ggujp st,,boston,MA,39074,3022395276,4562402325,2302347098,yjbkaeseh@aooetxhzm.com
500,9632,vaxdu,hobsmukor,000 00 000,1,11/7/1972,2166  gqaqx st,,boston,MA,39052,3022359853,4562341638,2302356996,hobsmukor@woyhlmrkf.com
500,9657,ygivw,gfsewyjnp,000 00 000,0,4/22/1954,7842  tcaxn st,,boston,MA,39010,3022397012,4562420265,2302430986,gfsewyjnp@odwiubxnk.com
500,9710,graaq,bswtulpbj,000 00 000,0,2/10/1958,6448  jxwnj st,,boston,MA,39005,3022434649,4562396166,2302387638,bswtulpbj@lxpsthiwy.com
500,9730,fxlxt,fgmmxnoxt,000 00 000,1,8/13/1957,4318  bikbz st,,boston,MA,39032,3022407699,4562409595,2302421163,fgmmxnoxt@lkscqlawn.com
500,9754,tpzrt,lvjjojsej,000 00 000,1,11/2/1964,4543  qnyys st,,boston,MA,39034,3022372457,4562348065,2302408391,lvjjojsej@yqksqxomv.com
500,9765,zwirl,qlltgpkhl,000 00 000,0,6/1/1974,7290  vqnhu st,,boston,MA,39028,3022403516,4562370521,2302355594,qlltgpkhl@dakbxashf.com
500,9782,pocjg,lpwbcypmr,000 00 000,1,9/27/1978,1444  mdznf st,,boston,MA,39054,3022393303,4562362958,2302424363,lpwbcypmr@ycsaqlxpj.com
500,9799,xiwus,zrkrrkyvl,000 00 000,1,9/13/1968,6262  aszhe st,,boston,MA,39006,3022372999,4562425823,2302419814,zrkrrkyvl@tecknuxze.com
500,9804,blknw,lbfgbgqca,000 00 000,0,6/22/1998,51  gpukd st,,boston,MA,39003,3022424735,4562375618,2302400247,lbfgbgqca@byqppszyf.com
500,9833,cekhj,yphwanefb,000 00 000,1,4/12/1990,3942  saijj st,,boston,MA,39015,3022347851,4562369952,2302435398,yphwanefb@zlgedwtlk.com
500,9843,lnays,wnxsswklz,000 00 000,1,4/19/1977,5575  fbjvb st,,boston,MA,39098,3022397636,4562380040,2302432730,wnxsswklz@ogwagiklg.com
500,9856,uswjz,fquvizvqh,000 00 000,0,2/24/1977,6336  tjhrg st,,boston,MA,39046,3022368794,4562419243,2302347986,fquvizvqh@ypxomsfen.com
500,9859,zeoqe,ydxobxple,000 00 000,0,8/3/1951,1570  epkip st,Suite #460,boston,MA,39060,3022370927,4562352707,2302416884,ydxobxple@kkmfuvmnp.com
500,9870,zvpmx,hgxgowtfa,000 00 000,1,7/13/1995,7534  dliez st,,boston,MA,39071,3022429187,4562348092,2302406143,hgxgowtfa@ddjlmcdib.com
500,9890,gjtev,ozduczwva,000 00 000,0,11/26/1974,3860  jvttg st,,boston,MA,39040,3022388279,4562407767,2302363721,ozduczwva@iebbhfxto.com
500,9899,pgfir,olhkmwfhw,000 00 000,1,10/13/1977,2274  yxblj st,,boston,MA,39007,3022402320,4562390646,2302383480,olhkmwfhw@iuvbnnsgy.com
500,9908,fgzsq,yffwgjjen,000 00 000,1,4/18/1952,340  hoiuu st,,boston,MA,39077,3022370340,4562422659,2302385501,yffwgjjen@fvsmroasg.com
500,9921,jpuez,hicgserwh,000 00 000,0,1/7/1980,7500  sdlqt st,,boston,MA,39078,3022346322,4562355414,2302433206,hicgserwh@wjgjgeyvd.com
500,9945,rlvnj,wnkgzpxya,000 00 000,0,7/3/1992,2613  zfvkl st,,boston,MA,39084,3022341802,4562427008,2302406468,wnkgzpxya@gfpzegale.com
500,9946,taddt,wacknjzwh,000 00 000,0,7/13/1971,5337  ujywn st,Suite #777,boston,MA,39051,3022386115,4562360438,2302411801,wacknjzwh@qtyxedzst.com
500,9950,zeuav,ezltzabjq,000 00 000,0,8/9/1974,3942  zfkyr st,,boston,MA,39040,3022359737,4562355022,2302396078,ezltzabjq@pynilyzjn.com
500,9959,objlz,iwgtfvgdj,000 00 000,0,4/4/1964,4885  vlpbv st,,boston,MA,39015,3022436510,4562357228,2302409483,iwgtfvgdj@ohcnbesyj.com
500,9976,xccnx,jdqolqfza,000 00 000,1,9/28/1980,7920  zffmw st,,boston,MA,39005,3022364316,4562368519,2302356807,jdqolqfza@rlabpzceb.com
500,9984,oheet,uuialnyzp,000 00 000,0,6/21/1979,3617  lzvek st,,boston,MA,39021,3022408916,4562360035,2302426469,uuialnyzp@txdiszuzz.com
